-13,-0.33872486774038735,51.55764600038366,66
-11,-0.32935017022166935,51.57962960110194,86
-9,-0.299992032298113,51.53607171185374,57
-9,-0.27122629591688885,51.593843945515474,38
-9,-0.30875854118040785,51.57706093670373,21
-8,-0.2937536663224528,51.551459272516595,51
-6,-0.2699994842785916,51.56185563284161,58
-6,-0.2658830845603062,51.54666727292058,55
-5,-0.29718186002117575,51.591301522918364,84
-5,-0.26268731699586834,51.58329620085255,62
-3,-0.299117254790156,51.568516995779625,72
-3,-0.3358788637014764,51.553656150971804,86
-1,-0.3033672867575844,51.57335883844334,36
-1,-0.303387166534626,51.550594869015356,90
-1,-0.23398087148303615,51.54293142435722,35
-1,-0.20707563218405778,51.54541927088176,81
0,-0.31210828911430283,51.58012353722528,75
2,-0.287742836205867,51.58877430520979,52
2,-0.2313071492123823,51.564142570073365,68
3,-0.29059997441495017,51.583209611865634,51
3,-0.26556241268383035,51.54258361928006,65
4,-0.22329741460691868,51.53009139602309,30
5,-0.293203649603354,51.59397795474948,33
5,-0.22175963504682256,51.553588816914605,28
6,-0.2736239303433767,51.55419966973574,57
6,-0.28486037553501553,51.57365664293664,34
6,-0.2182437620495259,51.55365276499893,90
6,-0.22036442426435654,51.55535704876638,37
7,-0.23537608754729983,51.53331812986425,56
7,-0.233629038882133,51.54669960510278,53
8,-0.26075817133535095,51.56955882056748,55
8,-0.2818054057510718,51.56691964599946,42
8,-0.20834257542968182,51.55122440226663,32
8,-0.22372162863589604,51.54086865495899,45
8,-0.21343132018762467,51.54562640593087,37
8,-0.2531705744965945,51.54570180305792,74
8,-0.2108882026852333,51.54665125027709,73
9,-0.27758297914360935,51.580632205286186,35
9,-0.3131910937759118,51.58277826597831,77
9,-0.20813687937087666,51.54295573662087,63
10,-0.21267196360588275,51.5453195831577,28
11,-0.29929556609517294,51.571651768336764,57
11,-0.2651661658129212,51.54367492700457,82
11,-0.30462233091498936,51.54105838956757,50
12,-0.2895329650305024,51.55643412915457,61
12,-0.21974191285485495,51.54232129222314,68
12,-0.2357171912069026,51.546926006338985,51
13,-0.29552605421095757,51.578043067600554,50
13,-0.30270101291780277,51.55549502776617,62
13,-0.28238379298682614,51.54963018995588,48
13,-0.22398668484552378,51.54456936031276,45
13,-0.2369872993234888,51.544816221690866,31
13,-0.20730042703458357,51.53159534429851,45
14,-0.30392603520796224,51.573987379948186,28
14,-0.2855674446680253,51.56545247741715,71
14,-0.2644783223829267,51.5523714738891,74
14,-0.30410494697729856,51.555071771673354,48
14,-0.3077928885117077,51.550338416535,43
14,-0.3013947360768317,51.54938959081085,52
14,-0.258440778671932,51.59044791187861,56
14,-0.226395274357212,51.54909402085383,37
14,-0.22973204467600572,51.537015264710526,62
14,-0.25404144350553587,51.53911392831911,34
14,-0.19311120359599473,51.53589814762511,38
15,-0.2481655096339606,51.5615452063759,63
15,-0.23163115698605824,51.53577982645371,65
15,-0.3053421922144404,51.541272960174666,70
16,-0.2619727480196115,51.570794478695525,39
16,-0.24736895581519314,51.55884375335172,49
16,-0.24758300008251646,51.559998140334635,53
16,-0.22621782140704466,51.53818503088743,58
17,-0.29645128969271584,51.57003721655588,52
17,-0.3049608473434817,51.57553069705644,37
17,-0.2753120430401737,51.547916709961605,53
17,-0.2879435524349224,51.583131063633104,68
17,-0.2514177913214229,51.55613136955157,41
18,-0.29670365957165373,51.577283892551556,38
18,-0.2604672888173968,51.56722899986566,57
18,-0.30467048263458385,51.56152852585088,59
18,-0.29918976655703,51.54850412649903,67
18,-0.2466072661673056,51.546428839916864,49
18,-0.27637790252809336,51.54968665234567,67
19,-0.25613333032564245,51.56254703313736,55
19,-0.27054625594658205,51.55396519388158,42
19,-0.283565397067588,51.568145959415304,48
19,-0.2638715219755375,51.571288618172694,62
19,-0.30469772465137024,51.56157498507898,67
19,-0.3257365216060723,51.56779205865435,49
19,-0.2787203122987358,51.59321994310828,36
19,-0.24251609768726248,51.553818027446916,33
19,-0.24711290372160333,51.560044807445095,71
19,-0.21653618995701793,51.54787883426001,67
19,-0.27308213169532064,51.550300689420546,57
20,-0.2967940657345852,51.56867291324076,84
20,-0.3024401205026905,51.57402622586478,29
20,-0.29670436141812073,51.576953692557794,42
20,-0.2615257419078027,51.568965888364126,40
20,-0.3026411752198234,51.55172650615313,72
20,-0.2202312656023732,51.558329784139154,70
20,-0.2322548223174394,51.54767881539859,74
20,-0.27252759149022093,51.55157419546485,48
20,-0.3115517060242415,51.54818808358057,61
21,-0.2938536899344161,51.57551187790399,45
21,-0.26560526243501764,51.55215963914709,48
21,-0.28419744943117986,51.54291623806717,83
21,-0.31150926221805947,51.55580798107049,33
21,-0.3256836729119623,51.5658700576931,27
21,-0.27989727389405655,51.588276354859936,55
21,-0.29343913752802353,51.59171815292261,35
21,-0.19814462186076812,51.52940204333256,59
21,-0.30025191354165087,51.550511603762985,45
22,-0.296558454912393,51.57198698913119,54
22,-0.26106973815100254,51.57509217442368,58
22,-0.2631706819813859,51.57417420661114,68
22,-0.30470504326291475,51.5599467999268,64
22,-0.30377499294600374,51.56022743746834,55
22,-0.26091725606694444,51.59796948037229,58
22,-0.26069290641774245,51.587073659548,85
22,-0.25891528852401235,51.586629985057755,54
22,-0.24623693033098093,51.556056437255975,67
22,-0.2260886525544557,51.53050574001932,31
23,-0.2630886221597675,51.575645557109354,60
23,-0.3044371901348552,51.55312622485816,51
23,-0.29245681702227005,51.59655911794338,73
23,-0.2622094772136246,51.58510413181482,16
23,-0.2380004429013807,51.552510638813516,60
23,-0.22424399627945094,51.544074092597256,29
23,-0.26557865711830875,51.545349334562374,62
23,-0.2742486795977615,51.550836386125624,42
24,-0.26040524175305857,51.5658092345837,68
24,-0.263882863376922,51.57340252634798,38
24,-0.2830920030173824,51.59546005397247,35
24,-0.2776756445519857,51.58605467471717,31
24,-0.27358082488406615,51.59160611247275,47
24,-0.22732940407020108,51.56388846626879,70
24,-0.24808994180190283,51.54703538993949,45
24,-0.19516463959529148,51.534074361576494,46
25,-0.3112417698960918,51.58374497237012,82
25,-0.21053246498034145,51.55154308012813,46
25,-0.23761772027276581,51.54933615388544,65
25,-0.2308384641956219,51.54830113597323,67
25,-0.3075712355369578,51.54131499828499,33
26,-0.26969704048126375,51.57099318059808,33
26,-0.268509039495548,51.56502856683629,38
26,-0.2902845459169252,51.58220389222728,40
26,-0.2943626104302505,51.58156164256516,48
26,-0.30372674143345085,51.557947884989616,35
26,-0.3252241791470065,51.553263794485616,46
26,-0.2883627099446104,51.586850112636824,57
26,-0.26362885692767424,51.59217399140692,37
26,-0.22542831329514193,51.54003423507115,64
27,-0.2937068000263043,51.57522502315653,53
27,-0.2799585116794823,51.56880344792598,53
27,-0.3077307628494479,51.547927759607,51
27,-0.29811722318530465,51.552602239010156,54
27,-0.22048892971126804,51.558704045397135,38
27,-0.25036829502502933,51.560658430628614,49
27,-0.22505463916495289,51.534157232891104,60
27,-0.2257480176329738,51.53150869509723,52
27,-0.258627998951117,51.5403523403752,54
28,-0.29154976502652846,51.57556659052987,90
28,-0.29325333134284304,51.572570321325685,48
28,-0.2614481349686791,51.57781431043675,28
28,-0.2626522579702279,51.569816110190345,62
28,-0.31440745408672216,51.556480016993056,68
28,-0.3234278463702785,51.558077915095396,35
28,-0.32331018790491756,51.566905502727465,58
28,-0.28526237052738196,51.58780917158859,34
28,-0.2685481176132531,51.59477242385451,34
28,-0.22182138851433322,51.552715680311955,49
28,-0.22570114420544343,51.54858214142654,40
28,-0.22370099398565818,51.54680527195404,60
28,-0.3082797309460282,51.5401724511203,39
28,-0.2734100576560423,51.55149296158711,57
28,-0.2705520885211044,51.55028541506151,52
29,-0.310524507938001,51.576171407935234,32
29,-0.26464142244595806,51.550159473376816,53
29,-0.29362077161477457,51.55094605037614,43
29,-0.2569978899983475,51.5436446659645,53
29,-0.2288596872832966,51.536310173465,47
30,-0.2910310607697613,51.581525060206666,47
30,-0.2639798786911833,51.57633950645953,45
30,-0.32398671499576104,51.55676080598378,27
30,-0.3208343882046351,51.580451588054665,31
31,-0.26340240320875263,51.56734260029104,69
31,-0.26664600655767634,51.57750650851469,49
31,-0.29305769263430004,51.56021364430858,47
31,-0.3174442854169284,51.548871242399024,51
31,-0.2616262613273487,51.588582423066214,39
31,-0.24540018664462573,51.56637702771838,33
31,-0.22655069801985778,51.536953105639206,34
31,-0.22861765138120263,51.53510742875281,52
32,-0.3195931644080101,51.55353257210815,32
32,-0.2844556736458566,51.586575889012636,64
32,-0.22564994362079638,51.536293347974826,71
32,-0.24830015390324464,51.53744620306116,72
33,-0.30557241309191785,51.573540296421676,37
33,-0.2954755040704726,51.56770156419532,20
33,-0.2966007807030832,51.55041702987955,50
33,-0.2884852795590775,51.588178768569534,49
33,-0.22532007343924035,51.54351109048767,30
34,-0.26907943120913197,51.56334389918858,25
34,-0.2663290592232662,51.589766858264355,30
34,-0.21671216901126597,51.54340398799417,58
35,-0.2695007534825925,51.57093395341154,18
35,-0.2877406384283149,51.58291830256457,67
35,-0.21962518297578737,51.55167530408801,31
36,-0.27985946976520554,51.549699909198466,51
36,-0.2257567669381486,51.559398806205564,50
37,-0.2660368233708271,51.57724915760233,41
38,-0.28747518412081624,51.584149190181655,72
38,-0.26782425751829647,51.575180753872104,63
38,-0.26652157991590714,51.575922582401674,69
38,-0.28893839671875765,51.5571358508447,30
38,-0.22342023899602928,51.54143995739132,73
38,-0.19586885704625157,51.530607904820684,64
38,-0.27561318337063667,51.549570246385635,57
39,-0.3285747765630619,51.565267939102206,64
39,-0.21945305361129566,51.55791120997951,56
39,-0.2207446071109108,51.559552898907924,69
39,-0.24615916067792373,51.56451182087448,71
40,-0.2612099059426171,51.57293945086166,63
40,-0.2903014976474033,51.580163551544096,42
40,-0.22402899904241716,51.55353948318234,64
40,-0.2744475254942609,51.549253955381,29
41,-0.2977132551966087,51.57884862817005,58
41,-0.2644940371822982,51.5699420690501,56
41,-0.29083147729055486,51.58279002990119,59
41,-0.2091639319906186,51.550819534517586,63
41,-0.22176025612598943,51.53044757272585,54
42,-0.2988022548582673,51.56947258595824,48
42,-0.24293691930276204,51.55978999265714,53
43,-0.3029044822751443,51.57595117098225,66
43,-0.26444521023053,51.57483803667092,49
43,-0.26394794544149364,51.57294400524408,29
43,-0.3056458896555713,51.548290008802034,20
43,-0.22139748954511732,51.55756099721548,47
44,-0.28179685550130595,51.570755038512615,32
44,-0.28579105825997325,51.574215329539946,32
44,-0.26375302218530516,51.57437022202169,58
44,-0.24853375058586116,51.55977066152109,75
45,-0.3045837962630322,51.58192888112293,54
45,-0.292532180151193,51.532648871448124,71
45,-0.22437738892956505,51.539870907373114,61
46,-0.3086631806264348,51.574820162696554,50
46,-0.30706238429433863,51.55027830570849,49
46,-0.22184152860770512,51.55034796464038,52
46,-0.2510084991504326,51.56302349451199,39
46,-0.24844208141199217,51.55979644793373,72
46,-0.2464585019544107,51.559446631255895,66
46,-0.26698385691546095,51.54373930209328,39
46,-0.2919897347591658,51.54123721922919,42
47,-0.2937068000263043,51.57522502315653,56
47,-0.28074191326991693,51.56995454437401,63
48,-0.3062700068835261,51.57009140903575,49
48,-0.2977546399539259,51.57721710068291,52
48,-0.2707270586396933,51.57142713970568,37
48,-0.30807281382819424,51.547847471252496,48
48,-0.3088524654397942,51.55139968163525,64
48,-0.3064210628468586,51.5519795953162,30
48,-0.32940067165631565,51.56429662580542,32
48,-0.26536554952095137,51.585163872166575,74
48,-0.2210472945567219,51.55377929784251,56
48,-0.22492166484380643,51.5409473707039,56
49,-0.2599011578395273,51.56243940021714,36
49,-0.31638490332712454,51.551504891435556,62
49,-0.27968614148827897,51.59157036515617,53
49,-0.2768626502487491,51.551646066839524,67
49,-0.20975379464620603,51.54458044950324,81
50,-0.2912240013500343,51.58036083500506,56
50,-0.30730753793952303,51.56553277052273,60
50,-0.2650081060121747,51.54007679790013,70
51,-0.30405305871502625,51.58181436319045,48
51,-0.26591676989615565,51.57580988439326,25
51,-0.22107686355864634,51.533337295455205,58
52,-0.29522310187922185,51.57719461154368,67
52,-0.28574097612655985,51.57297656501509,64
52,-0.2909221992035206,51.55554097236516,21
52,-0.22172577556425022,51.53421160803781,64
53,-0.26472319398580435,51.57606608814681,73
53,-0.28378186197423705,51.56428031188515,54
53,-0.286280706218891,51.58582269840692,61
53,-0.27651364599561445,51.55190203624149,66
54,-0.2816169183703722,51.57095878347383,70
54,-0.28930739616381235,51.58465628000682,47
54,-0.2942199467820952,51.562822817665065,56
54,-0.21768841833692665,51.54091921709442,64
55,-0.2978877845415582,51.57312738328046,62
55,-0.2945926937800434,51.57226870222335,69
55,-0.28880369918672893,51.58210541174858,49
55,-0.28814596519918007,51.58377621785761,54
55,-0.2278470670020361,51.53410775520208,72
55,-0.2191358736218647,51.555504486886726,55
55,-0.2242331766396687,51.55634824249299,71
55,-0.25520720390316914,51.59155899900772,62
55,-0.30404033661336294,51.54067799987094,54
56,-0.26095492280868415,51.561453338874685,60
56,-0.26269565007586926,51.56875454575256,53
56,-0.2645897926943819,51.56949525446969,59
56,-0.28762216336710994,51.583256652319534,49
56,-0.2780062996808599,51.597353521576,57
57,-0.2962111326622832,51.568470177345105,34
57,-0.2807371701633764,51.56887759727701,42
57,-0.2899648885556289,51.580759357629695,28
57,-0.2672024169224667,51.573344758090506,42
57,-0.30359229706012264,51.55116690994466,72
57,-0.2988322414598165,51.5490397998224,56
57,-0.2931825009251761,51.55162842451532,64
57,-0.25274342422928986,51.58996032956892,33
57,-0.2969799409273556,51.58940166984063,52
57,-0.252502516635977,51.5580366334858,36
58,-0.3049981610253651,51.576797464988516,61
58,-0.2620464647052135,51.572507632067946,54
58,-0.22284171994575633,51.55885628090425,56
58,-0.22538466606993732,51.53462545457151,46
58,-0.2261687528099275,51.537475821179264,75
59,-0.291075185187665,51.58163660251486,44
59,-0.26496835660149703,51.57336964553411,60
59,-0.2227599588893498,51.552493407577735,45
59,-0.24977889273958903,51.56133675706461,60
60,-0.2871749749792333,51.5508776664154,54
60,-0.23366544647357163,51.56032038452112,75
60,-0.21248468460838205,51.54365200763386,58
60,-0.21284983762624984,51.54186789991549,33
60,-0.26729989048749014,51.54398673079708,62
61,-0.2599497166317885,51.57012912075037,45
61,-0.25034049418204163,51.563903380942875,59
61,-0.3044497155858434,51.54145484520967,54
62,-0.30714125327626496,51.57349917489574,47
62,-0.2572674985684996,51.56333882025069,72
62,-0.2559950846372327,51.573882615526166,51
62,-0.2640694966999953,51.576925921289465,56
62,-0.2922042036157193,51.550392661478675,41
62,-0.2782856300543136,51.551560766140796,30
62,-0.3308820666375211,51.55310579315931,31
62,-0.25677662183175165,51.585854892457206,39
63,-0.29778278961511784,51.57793611363059,75
63,-0.31854222396273923,51.54997022771478,52
63,-0.3196472016857374,51.58100234047126,55
63,-0.2532086020142906,51.53600775727295,66
63,-0.2254002437841358,51.55090890304965,70
64,-0.299873712030469,51.58007003802404,70
64,-0.26506148681130004,51.5735228631038,38
64,-0.2908999931395848,51.560253695269544,51
64,-0.2965660851837629,51.548856113012405,67
64,-0.28949483576434637,51.58639898792889,54
64,-0.2660693988360192,51.59155746905155,45
64,-0.2261267927373327,51.551422024732446,34
65,-0.31105542232498234,51.579302962349544,54
65,-0.30259771129280777,51.57701370589479,44
65,-0.26364592303698625,51.56063732013359,47
65,-0.2610608090318172,51.56870362758544,46
65,-0.26129551368804405,51.57389412986145,34
65,-0.2660681522039258,51.57550586664407,27
65,-0.2660057143640395,51.57157654966468,45
65,-0.31185444585393146,51.55079663071858,50
65,-0.23643217176166742,51.54732109225403,60
65,-0.2336884258766507,51.54658398204986,24
65,-0.277977052852955,51.55081788197196,55
66,-0.2887245245998654,51.58462089257248,68
66,-0.2921766165838599,51.55541566790813,47
66,-0.2954377859385253,51.548890065685285,52
66,-0.2939161928546445,51.589825513677255,60
66,-0.246374608736018,51.55864599228262,22
66,-0.24632687217397606,51.560153575253125,70
66,-0.2375446249162042,51.54862329013515,40
67,-0.260962221038253,51.56165060949932,52
67,-0.29302812194865485,51.550936078855564,50
67,-0.22181915232031654,51.556762428682156,45
67,-0.24776912716278449,51.562576759308,45
67,-0.21186301545329195,51.546661598960725,62
68,-0.31435326636025285,51.56349682570693,66
68,-0.31474998800890963,51.56448877988982,68
68,-0.2970320989676514,51.567624687228616,52
68,-0.2882237795006161,51.58709666687863,56
68,-0.20720735721947128,51.55246672716559,41
69,-0.300260850387015,51.57095311566842,38
69,-0.2643319050423259,51.56986427768233,57
69,-0.2900226717942784,51.58253048661453,59
69,-0.29549411823406063,51.57917709436883,59
69,-0.3057901444264125,51.56374029693275,72
69,-0.30469437171175123,51.56099406270851,83
69,-0.3143304934711905,51.54919656453818,37
69,-0.2975917028973106,51.58982594555879,34
69,-0.25286366627916096,51.54618080629154,61
70,-0.29268048005397407,51.574385294787206,44
70,-0.2685227378269731,51.57209987101407,51
70,-0.29566483763765256,51.57814407705974,54
70,-0.2626799792056527,51.57410032298421,69
70,-0.26666001365999603,51.57626151883,41
70,-0.28662109746959014,51.58929941623459,58
70,-0.24751897703661827,51.55940620624413,48
70,-0.22823896730771406,51.545561092318,30
71,-0.2985971025733958,51.57087574979328,31
71,-0.3042462863598057,51.567299280189275,76
71,-0.2921766165838599,51.55541566790813,47
71,-0.2217329000468921,51.55946301770487,33
71,-0.23320571292336328,51.54808559447693,49
72,-0.26369498952713777,51.57667712393931,42
72,-0.30814539428524035,51.54941467267221,58
72,-0.2858786691692854,51.59011102323508,55
72,-0.24363759898213214,51.55780702779599,75
72,-0.22464372934163124,51.54490593087159,32
72,-0.26512810778836177,51.54287238418058,58
72,-0.27561318337063667,51.549570246385635,56
73,-0.26876533493859195,51.572389482186324,55
73,-0.3107090680650907,51.555606654814184,61
73,-0.32661933238551516,51.56184027637775,58
73,-0.3163176878331021,51.5653917780857,55
73,-0.3028105646857029,51.55761206447681,90
73,-0.30025006031035895,51.55820759266745,64
73,-0.22592029183758108,51.55934035748268,41
73,-0.2408938603207297,51.553197617129356,68
73,-0.22761776019233512,51.554269347612774,60
73,-0.24830607252379067,51.55995352661616,55
74,-0.27880010860500404,51.56921373593548,34
74,-0.2624173857209099,51.5742032322536,62
74,-0.22572503092822688,51.53390298390578,34
74,-0.22598451230953057,51.53687458162662,53
75,-0.26115708499308143,51.56638321175129,64
75,-0.29200071536549443,51.579802406174636,45
75,-0.2646995449711059,51.57143132833433,69
75,-0.3135775838168278,51.550489077776994,28
75,-0.22914527807377708,51.53573109926814,43
76,-0.30592706850632,51.57136428643766,55
76,-0.262094418016376,51.56632343737043,24
76,-0.2701869951506908,51.56839436404801,67
76,-0.2645248999938012,51.56968584369056,75
76,-0.2867178456911494,51.570198827024285,71
76,-0.2941109296098356,51.549280295721616,50
76,-0.29188291307810627,51.551588639545216,30
76,-0.3280977608981003,51.56361271379707,39
76,-0.2070426928766358,51.550684518818656,40
76,-0.24658987794303872,51.56629956562428,35
76,-0.22342909976523662,51.53227520156671,33
76,-0.22635977266871277,51.53838449739364,49
76,-0.22903303964202126,51.53618201160101,28
77,-0.26530604367347416,51.56640622966778,63
77,-0.29212189221996976,51.57980733145784,55
77,-0.26894569143662544,51.59046329048846,65
77,-0.2123077101749871,51.55681752087879,73
78,-0.2880849699533122,51.53000046952791,52
78,-0.26089091767294625,51.56555372702119,42
78,-0.2785934564347496,51.56960682393426,75
78,-0.2648604042554027,51.575781457631926,57
78,-0.30604222085459726,51.56100407602399,31
78,-0.32837503836575593,51.56478664662857,59
78,-0.2206062280730247,51.53369774855665,66
78,-0.22570682065383676,51.55519870594793,69
78,-0.27944330651077026,51.54886868482618,57
78,-0.24948846010031117,51.58239740724408,37
79,-0.29816673820461304,51.57717847016255,69
79,-0.26125942377204037,51.57429182526489,61
79,-0.27064763072896897,51.59373209554003,58
79,-0.2222129059839845,51.558905985889034,64
79,-0.23385598324815537,51.543614778963644,63
79,-0.31058656636642606,51.54767723993374,50
79,-0.32945799582212243,51.563274708481245,74
79,-0.2115631619172337,51.54455050538378,49
80,-0.26052855467516367,51.57337419021517,55
80,-0.2883456762082008,51.58250573241202,50
80,-0.29122121312155114,51.58032328423501,62
80,-0.32856450461579456,51.56182286675066,61
80,-0.3278808088227554,51.555895262180705,64
80,-0.2956007987086006,51.58933935281704,27
80,-0.26818016125863464,51.59133833793083,36
80,-0.2642159543334527,51.587647270814074,65
80,-0.22024769680573303,51.55701373498779,68
80,-0.24535228987391366,51.55755131182811,70
80,-0.24728343842322387,51.55577922946664,59
80,-0.21652834248235173,51.54569144213157,77
80,-0.19717263092971513,51.53058233390741,54
81,-0.270263771295353,51.55446474018892,68
81,-0.28964798698097743,51.58522847932577,58
81,-0.3200627080831418,51.55076351901131,43
81,-0.24441681822975267,51.56152681376476,56
81,-0.22392792526091354,51.54032576458091,47
81,-0.2674585394152146,51.5434017699733,71
82,-0.26185089350753915,51.5684592802384,28
82,-0.2620914546583055,51.57166221647929,69
82,-0.2995293881963207,51.55496008088729,28
82,-0.3005448999609974,51.56129297125324,60
82,-0.22499898812075744,51.54503593068042,45
82,-0.2533979760353074,51.53931282280161,74
82,-0.22221154370553645,51.529563347716675,55
82,-0.27542327324329446,51.55002197849761,55
83,-0.29798853040597223,51.57261400884907,26
83,-0.2588531965472849,51.572121940291346,74
83,-0.28074191326991693,51.56995454437401,51
83,-0.3001847521306408,51.58022941225338,51
83,-0.32828587210168403,51.56187281484019,37
83,-0.30615170460280566,51.558425913319354,75
83,-0.22147040018796607,51.55768219179932,64
83,-0.24480314813488374,51.561368150682846,71
83,-0.2205889455335455,51.53708504462264,45
83,-0.2261540107139495,51.540206409265366,58
83,-0.19986951623122332,51.534346752727785,63
83,-0.3037491693592737,51.54019784735549,36
84,-0.30142525255236924,51.5709745217545,62
84,-0.26604075157787,51.5625056770961,33
84,-0.26216802578219695,51.570825474287915,43
84,-0.2861889778466169,51.5733904771995,68
84,-0.2652043029208156,51.57880267800956,20
84,-0.26492921443503814,51.57299453845146,31
84,-0.3126749267444878,51.55510969106116,53
84,-0.2807615901257765,51.55301961782558,42
84,-0.2183092164905673,51.547237112159245,75
84,-0.22833462386967238,51.53588312126419,28
84,-0.23228945100470258,51.54549889028727,56
85,-0.3045081423991976,51.539404860359205,75
85,-0.2943996580782793,51.5783181958442,63
85,-0.26444521023053,51.57483803667092,28
85,-0.30032179936616366,51.55881442970377,66
85,-0.2799192612286979,51.55162823494645,42
85,-0.31843291119240524,51.55181020137662,52
85,-0.22317134074218703,51.55773485254432,44
85,-0.23659282526332306,51.54461715400699,64
86,-0.2980480589228503,51.57045220001628,30
86,-0.2973110319068044,51.57223486130383,48
86,-0.3046216440538361,51.57586472233372,70
86,-0.2645152088680589,51.570725839852436,72
86,-0.22268660346616204,51.55849639747628,46
87,-0.3105709833399576,51.57888410142585,33
87,-0.2522777393299973,51.56442087939146,59
87,-0.2614121090775043,51.56150677723988,66
87,-0.2546968204308826,51.57409911668303,62
87,-0.29088325664922626,51.58340427634963,34
87,-0.26491169922481683,51.57620650660491,43
87,-0.28883788954377,51.587801031565085,63
87,-0.25896760962455595,51.58373376313962,53
88,-0.2619175816020804,51.57206933146088,59
88,-0.26073508441383086,51.569580663460556,64
88,-0.2962004378467131,51.57885163673994,53
88,-0.29626271611214605,51.57992575512614,46
88,-0.264491373488281,51.57733583807498,49
88,-0.2944903883982588,51.55528799701228,84
88,-0.2880194812396263,51.58600969820537,66
88,-0.21393551185753126,51.53828901728431,61
88,-0.22464072448121095,51.54527668353043,64
88,-0.26662254064326635,51.54512281879142,26
88,-0.19674036252283866,51.531037944628565,43
89,-0.28955332884658325,51.585467859878335,55
89,-0.26609062476436046,51.57728457421897,46
89,-0.32611618676700155,51.55925505918755,40
89,-0.29880552989872144,51.55531635827365,49
89,-0.22923965898913437,51.53727423586662,59
89,-0.21920126868907353,51.54675570080251,36
90,-0.2636549414563217,51.57644022376533,55
90,-0.3276778518859746,51.56206896900777,52
90,-0.29881509970976894,51.55645439041515,72
90,-0.2961072354727183,51.554998349922364,90
90,-0.29502254408152334,51.589992327589414,56
90,-0.24701879595796858,51.56372313405106,44
90,-0.21804012923938107,51.536110971428606,29
90,-0.22815547876438969,51.53722070878208,43
91,-0.29698124095529227,51.57887918150077,37
91,-0.2655672362770444,51.575208097490034,70
91,-0.2651413152919997,51.57113384848879,33
91,-0.29721610385385794,51.5608560672786,37
91,-0.30260625523680995,51.54929780810737,33
91,-0.218344325927117,51.5436871726845,62
91,-0.2259284127660355,51.533761086284315,31
92,-0.2945173950642705,51.57761774432508,47
92,-0.2939779198286869,51.574651657606054,58
92,-0.26130223667482266,51.562125038704885,57
92,-0.280244892534554,51.54843582689975,57
92,-0.2890673704685304,51.53891549468315,53
92,-0.2609793411986823,51.572118746842534,39
92,-0.28671881474421396,51.58424109346341,49
92,-0.2971264358504159,51.579214190201824,73
92,-0.2645921353932814,51.581098804296396,39
92,-0.2676839469778312,51.57681490699123,57
92,-0.2655122577931112,51.57266105806471,62
92,-0.31234432970352605,51.559066139320535,36
92,-0.31236069811857803,51.551211558316126,58
92,-0.24538132350621805,51.56201751496683,61
92,-0.23037514107756873,51.53639084888703,19
92,-0.2913748836878053,51.5526698478406,66
93,-0.28952263444853615,51.57573581424482,90
93,-0.26733265306552895,51.57552819488464,30
93,-0.26495689399339817,51.57635611406499,72
93,-0.2995880226316935,51.557836850734354,59
93,-0.29605045486734494,51.5492033882435,77
93,-0.3009640833797244,51.54958977542835,55
93,-0.22832050467156254,51.55338058473446,38
93,-0.30589293466067025,51.54232736364262,34
93,-0.29204520189857275,51.55263661567794,42
94,-0.30435419713120837,51.580333564157,39
94,-0.27910745464264475,51.547951533459816,44
94,-0.26045519031042463,51.57675310611227,58
94,-0.26314152183075845,51.57777288090164,44
94,-0.2663662780423087,51.57058196216393,44
94,-0.33003675228394963,51.561877841021094,32
94,-0.28818743401114166,51.560271204936555,71
94,-0.30254138261941393,51.553155530563885,61
94,-0.2081282402136731,51.55194239786836,57
94,-0.22653188859305767,51.54626083384708,48
94,-0.22354422263469112,51.54322235239537,47
94,-0.22497697839541483,51.538683152842495,61
94,-0.2528529952202873,51.54693490559656,70
94,-0.22945622722513281,51.53583031764313,61
94,-0.2241728240851141,51.554741363985144,50
94,-0.21324607651841618,51.52784268456238,67
94,-0.2529536979869306,51.55848417034031,59
95,-0.29772381936200554,51.57512634472004,69
95,-0.2606119293707148,51.57487465274198,31
95,-0.26019698002259406,51.57430158540945,41
95,-0.26107554170262265,51.565287953826285,41
95,-0.3187045866319914,51.55302407508454,26
95,-0.3261179591042067,51.55687194035743,60
95,-0.31640182364163144,51.5643595262956,60
95,-0.28576019043427614,51.55947855032898,29
95,-0.29492850790736813,51.555193067406066,52
95,-0.32503306191191406,51.567673572360754,63
95,-0.26223640252006997,51.583383530242415,61
95,-0.2427726928579353,51.56029946521439,66
95,-0.24632687217397606,51.560153575253125,60
95,-0.22618241078673512,51.53972893068523,34
95,-0.1994198116913653,51.54197632301604,38
96,-0.2626247748110029,51.5605742861084,64
96,-0.2613624836578037,51.57405449052834,69
96,-0.2695349860224632,51.56950019446574,52
96,-0.26363418501961416,51.57340454562886,61
96,-0.3116634350496852,51.55511672221289,71
96,-0.3263018180482752,51.55986458845687,27
96,-0.313090529475933,51.56665876123334,49
96,-0.28163707699381435,51.5533789172819,30
96,-0.2457575328379278,51.585540899176166,62
96,-0.2247032877680275,51.54251441974057,50
96,-0.19458082630648865,51.530381212676076,54
96,-0.20680340071970546,51.542200502442014,63
97,-0.29227210413195187,51.5760343880538,71
97,-0.26444734767891703,51.57656789065659,69
97,-0.2629684880092309,51.573081949183724,48
97,-0.2959560314887023,51.58862945614691,58
97,-0.20632729982238923,51.550568764966876,24
97,-0.21682080506435372,51.54068795338165,33
97,-0.23624703095968852,51.545546424936646,58
97,-0.23697887699824124,51.55081780560905,55
97,-0.2269257755328075,51.53614910382936,56
97,-0.19450747704369256,51.53071798717176,72
97,-0.29204520189857275,51.55263661567794,52
98,-0.3094097112942998,51.54993613625256,72
98,-0.28063706109305453,51.55171399639577,39
98,-0.21957367522026913,51.556272236687164,73
98,-0.22523834454662586,51.53648634040093,56
98,-0.2377835432879732,51.54658671849045,66
98,-0.2752409829088651,51.549942897993404,52
99,-0.2652317662072451,51.56760815196764,71
99,-0.28781432841512194,51.576581239997566,53
99,-0.26432406844139794,51.570428458922734,65
99,-0.30486011700879295,51.55638414973927,51
99,-0.2929573987509184,51.55050080222692,41
99,-0.3193100522761468,51.55055645878274,64
99,-0.2350292467210998,51.54634151083981,21
100,-0.29691421103818916,51.57565694268425,56
100,-0.2946354491587151,51.573938935135374,59
100,-0.2709321910026291,51.59210943686133,51
100,-0.217022895271075,51.55298135431643,35
100,-0.21629943154954667,51.53977374245427,75
100,-0.22747019056795242,51.5339600202755,59
100,-0.27667115792162766,51.54989027376729,54
100,-0.3297019764151597,51.56290700587825,40
100,-0.1928470207590298,51.53855436104518,60
101,-0.30694673554557816,51.57893405551733,61
101,-0.2677032018584343,51.571721253316575,27
101,-0.2768696060750555,51.58275414769887,70
101,-0.2657160961635386,51.576711114155266,51
101,-0.27689935823827455,51.59786945218532,66
101,-0.20964483277720175,51.550352110921935,59
101,-0.24780964355914184,51.55912105688316,58
101,-0.22482553122153962,51.54512754300699,43
101,-0.2744716146772777,51.5510882896535,28
102,-0.25481764106871546,51.56338454373279,44
102,-0.2883897321452065,51.58064887026538,60
102,-0.28754407268855886,51.58395927410676,26
102,-0.32706121739226873,51.557389732970904,59
102,-0.2970295049299244,51.55379125768531,56
102,-0.2989925094551662,51.5526142662986,74
102,-0.2685612509641773,51.593473026125004,34
102,-0.22835946878360722,51.54442170085723,44
102,-0.19138426960385937,51.536004781148414,57
103,-0.2926423079399977,51.572960686713806,62
103,-0.20035465677579445,51.54443074259958,34
103,-0.2589448041528268,51.56509817205998,71
103,-0.26221287931985365,51.575721342218074,41
103,-0.2673221589829011,51.57133053502652,55
103,-0.28202128334129667,51.56910301672769,50
103,-0.2903609719184965,51.580910631882546,73
103,-0.3013658524765688,51.579299962117624,54
103,-0.2627510813493534,51.57421996963628,70
103,-0.30729587755086274,51.55619167156094,62
103,-0.3276059423755162,51.5611816284127,66
103,-0.2913082957134584,51.550503202324215,47
103,-0.30609872727527004,51.58813322920038,39
103,-0.27626097674594446,51.594663433752004,37
103,-0.21862799241452863,51.558474866195255,53
103,-0.21846521594300702,51.554854775615134,64
103,-0.22360106337137034,51.55409629675354,63
103,-0.2501159405435521,51.5614116019078,69
103,-0.24799204834254523,51.56146689266982,31
103,-0.21677388841949066,51.5379708315738,73
103,-0.22317904331011856,51.54249325682881,73
103,-0.22422925852564693,51.54007807163881,71
103,-0.22541649780295653,51.53750316292357,40
103,-0.22578517088856312,51.54358514191358,63
104,-0.2897897431359618,51.53237202523688,67
104,-0.26502923131283157,51.56741653770453,60
104,-0.3139563013740348,51.551123170545125,63
104,-0.2595180006195349,51.585276835831664,74
104,-0.22500522215823676,51.557458788115234,53
104,-0.21626514531200164,51.53749766530113,77
104,-0.22078686317514587,51.54220579157145,60
105,-0.2968670142971316,51.57607579403224,46
105,-0.29552926995259804,51.576029140217685,75
105,-0.29362747868831596,51.57671358091812,49
105,-0.28815167698527666,51.532860953233474,40
105,-0.28178858386062994,51.569340141803515,61
105,-0.3006521120355708,51.55927855973389,69
105,-0.2935789081435936,51.55149330957537,72
105,-0.33149143785624147,51.55317338364321,67
105,-0.21856085050588583,51.557601567845474,53
105,-0.21419133176344435,51.53983289770387,69
105,-0.22379898684113744,51.54011161546919,34
105,-0.22521189749061743,51.5391325819456,69
105,-0.22482553122153962,51.54512754300699,58
105,-0.268161433817708,51.54608622784287,46
106,-0.3030601696628781,51.57346778274961,55
106,-0.26851314689342326,51.564511529394416,72
106,-0.2883276282413783,51.58566753962835,62
106,-0.266367107639746,51.576989767363955,45
106,-0.26853596679301717,51.57425761305951,36
106,-0.26652157991590714,51.575922582401674,48
106,-0.30993719248112356,51.55530875443866,67
106,-0.3284056861576319,51.56122782389762,53
106,-0.2940661656610377,51.55560060795509,74
106,-0.3005959436727216,51.54818407735619,34
106,-0.29570655165729925,51.55428264137197,42
106,-0.3187108988448134,51.550979714562956,39
106,-0.31922414611166844,51.58196952167838,31
106,-0.22470041782477795,51.55915325042911,50
106,-0.24211260031792373,51.564413675705474,43
106,-0.24495298988872305,51.5634024718894,52
106,-0.22359458568736504,51.54322051719527,59
106,-0.2558612201113841,51.538445826850584,62
106,-0.23209609395476144,51.54863485732305,28
106,-0.22736365147839502,51.54866028551274,71
107,-0.30466983366311495,51.560410769635126,41
107,-0.32669861101561204,51.566513914027745,53
107,-0.2895257259867283,51.59519791262955,58
107,-0.24378350902409604,51.557082530945735,61
107,-0.24377364872816365,51.56194887973944,71
107,-0.21604046337774482,51.53702113538076,61
107,-0.21531229030437068,51.5427264789376,65
107,-0.2236693127904282,51.54310719747503,72
107,-0.21206146175421914,51.54501949736906,55
108,-0.2934311178025715,51.573146264133705,72
108,-0.297302678868527,51.57875676931074,41
108,-0.26039124317765105,51.57473890033302,43
108,-0.264623250197602,51.570108377336545,57
108,-0.26604181746896577,51.58116335913981,57
108,-0.26293186658677364,51.57638287696413,42
108,-0.2661768173823399,51.57275947400571,52
108,-0.29300560277827076,51.55154930403324,80
108,-0.2496871118487848,51.56005708227727,70
108,-0.22605800630734277,51.53622423726127,32
108,-0.2248170044459867,51.54563650254685,61
109,-0.30094785088487985,51.58020621841708,51
109,-0.2965560258957789,51.57620327703752,71
109,-0.2575313953515748,51.563179231498495,38
109,-0.26919003238414535,51.56708991197433,45
109,-0.2895956128869166,51.582420917034746,55
109,-0.2656645703999332,51.57703385080561,55
109,-0.26384518148935077,51.571468991458126,45
109,-0.3030900309715435,51.5904239988872,46
109,-0.27877699480137696,51.59455884631417,69
109,-0.2673202572921735,51.592524587606974,22
109,-0.30854152523768896,51.58415417228933,69
109,-0.20927318406306897,51.54840983222207,55
109,-0.243693113244822,51.558900043670974,49
109,-0.2430424595391978,51.55666165282448,59
109,-0.2295144184674362,51.53126144961975,53
109,-0.22788894374194874,51.54454385033324,49
109,-0.21184956992020054,51.54696451752516,74
110,-0.3000726424836405,51.56902778234362,57
110,-0.25983314980265226,51.56467528686812,48
110,-0.27412234836479404,51.547049681284584,49
110,-0.26180104011709077,51.56959902362589,34
110,-0.28762216336710994,51.583256652319534,66
110,-0.2911590291673769,51.581187981631565,74
110,-0.2900771845204485,51.555560202704264,58
110,-0.2998193953569508,51.56112499202416,47
110,-0.29638643643837503,51.554124849125955,33
110,-0.2786263430927286,51.5507782798904,54
110,-0.2391595361410743,51.554109303140706,35
110,-0.2484658285541329,51.56179032536554,35
110,-0.20903688881251986,51.541895703275046,76
110,-0.22366923954822038,51.538628881804875,73
110,-0.23035967265699453,51.53637279376115,74
110,-0.3287936589615929,51.55843349682882,53
111,-0.26063297831916343,51.57465926396794,32
111,-0.2906522011049982,51.58044848000752,28
111,-0.26959271707984034,51.59218402430926,49
111,-0.2185325211505469,51.55600093436773,71
111,-0.22647725647178982,51.553607768481854,18
111,-0.221460060035403,51.547841489303146,54
111,-0.22510155986144142,51.54512148851919,74
111,-0.22161708452188192,51.55610116917904,40
112,-0.29371142439823056,51.57549583012408,46
112,-0.2753120430401737,51.547916709961605,66
112,-0.2670871405093331,51.57323514542263,34
112,-0.3054588237147681,51.56375414341049,71
112,-0.22272209932714943,51.55890248587792,74
112,-0.23035967265699453,51.53637279376115,58
112,-0.22914527807377708,51.53573109926814,65
112,-0.1971316567284157,51.52948139571041,46
113,-0.26012723240100666,51.566836925150135,64
113,-0.2901163357399496,51.582106912425225,72
113,-0.263850711050464,51.57481542936269,74
113,-0.2664095615554386,51.57496785455928,71
113,-0.2628388677371759,51.57578742044318,28
113,-0.26331503478042917,51.572888738528334,55
113,-0.3193188864658649,51.55887270074904,59
113,-0.30848704973847263,51.56222653255798,33
113,-0.28747784685624483,51.55581396652026,76
113,-0.29597265318374666,51.550231234296625,75
113,-0.3237371767276901,51.55339151828035,41
113,-0.28597151628885115,51.58784926424722,61
113,-0.2936796499822612,51.59081197227701,52
113,-0.24168057412030336,51.56070095973314,34
113,-0.2236340601467528,51.53945443773564,41
113,-0.22743938958102577,51.53860017204046,47
113,-0.23136250847730766,51.54388354356948,65
113,-0.22439061994234452,51.54546421923706,52
113,-0.22493791861185947,51.55286756791703,66
113,-0.2301084790456554,51.549810167617046,69
113,-0.33632197280126397,51.55659670377226,67
114,-0.29980682966654837,51.56887656875096,75
114,-0.2999103070714027,51.56902981693396,75
114,-0.29726222473294334,51.5786989985919,29
114,-0.2737150870007351,51.57085613576139,83
114,-0.2693827083278001,51.56772505342716,63
114,-0.289194332491547,51.58126611540421,62
114,-0.26725341503993666,51.57746228701288,45
114,-0.29890993475670186,51.556074915590315,88
114,-0.29231439598825837,51.55062899666927,50
114,-0.2816071788773875,51.55104576604005,58
114,-0.26442267794357754,51.586739208529906,47
114,-0.31382788380832066,51.58610816113445,72
114,-0.24306046193764413,51.56184302957064,35
114,-0.2472657603818088,51.55930550223409,59
114,-0.2240019127395322,51.53262578523955,72
114,-0.22039026105468906,51.545878781246635,77
114,-0.22406679007471553,51.543730052740706,38
115,-0.2669419449305977,51.56316880551895,70
115,-0.2626401969773094,51.569863847390536,66
115,-0.2617965662475973,51.57235145180291,65
115,-0.32004972720128594,51.564401947583654,55
115,-0.29345912209217884,51.562407411332856,67
115,-0.32524743754432445,51.552258235469274,31
115,-0.2838300588879102,51.588600734277854,57
115,-0.2780455942642116,51.58778313987745,76
115,-0.22046951002280107,51.55997562614447,47
115,-0.19654140678920196,51.530413417550896,27
115,-0.22476951883485227,51.556628930179386,33
115,-0.23350558086230808,51.54600913389389,30
115,-0.2777830004699185,51.551635336825214,52
116,-0.30174756446950984,51.56969223399402,57
116,-0.2910097744166877,51.576896274477384,51
116,-0.29726222473294334,51.5786989985919,68
116,-0.29330811430410353,51.5737120995664,55
116,-0.2547341764066233,51.55952736111992,35
116,-0.3071504814818525,51.53838577407903,39
116,-0.2618997838291635,51.577103312177215,39
116,-0.28134826439733013,51.56964467650639,30
116,-0.2645031382632519,51.57422089301878,40
116,-0.32625032624659644,51.56160321180869,58
116,-0.3078663031237435,51.561872614280794,44
116,-0.2956992862543969,51.56299011381905,58
116,-0.2989215554819949,51.55034181093062,68
116,-0.30535925087473054,51.552456863380215,51
116,-0.3251509512473887,51.56702437863515,54
116,-0.29845180284980155,51.58961454889649,66
116,-0.2194500067554801,51.55705407138391,70
116,-0.2473597749159638,51.565411733626,32
116,-0.22376448655299463,51.54107872579394,72
116,-0.2183247385287021,51.54792911039705,77
116,-0.21976085903392154,51.546234658514514,63
116,-0.2262879800452885,51.53473293916191,32
117,-0.2947318836219694,51.57735619338263,59
117,-0.2559988278525879,51.560277766437494,43
117,-0.26204792016043427,51.568269080914305,23
117,-0.26590803832283216,51.57755466299509,59
117,-0.2658027443884948,51.5717384959727,54
117,-0.2948209489901616,51.555281157502876,54
117,-0.29946638880980353,51.559417311678146,59
117,-0.3199553504689686,51.551198587833376,65
117,-0.2427726928579353,51.56029946521439,71
117,-0.24997259999268207,51.561471492215226,55
117,-0.2246471906728265,51.54068523537526,68
117,-0.25278126933959993,51.536541094664,38
117,-0.25366658491036437,51.53815133850557,73
118,-0.2621716886826328,51.57643627942123,74
118,-0.26437598531602247,51.56644612409022,35
118,-0.2903998463496142,51.57983346698356,24
118,-0.29194919616007414,51.557911976009734,45
118,-0.2842128438350755,51.5489110285217,61
118,-0.2608589081743786,51.59783571922176,62
118,-0.2709309675253625,51.59290354845229,55
118,-0.24588148077242405,51.56232630499254,21
118,-0.22432199177883083,51.53462005970946,33
118,-0.22430257397072392,51.53399025150876,73
118,-0.22130604282078464,51.53593755577166,54
118,-0.2243558936878128,51.541654931880366,36
118,-0.2237296382658104,51.54136357013589,39
118,-0.22510761733772186,51.53826860678197,59
118,-0.22439061994234452,51.54546421923706,57
118,-0.23992322372447508,51.53527231481866,44
118,-0.22229244846166943,51.55524553880749,48
118,-0.2779956662474379,51.5510662874948,54
118,-0.29220189396701024,51.551963720178335,62
119,-0.27055691167972706,51.570907284454385,75
119,-0.287196237821001,51.570881081112304,33
119,-0.2887402011600168,51.584632255725595,49
119,-0.2669534672419703,51.57769295654086,74
119,-0.26391545922181625,51.576063762617956,55
119,-0.30993719248112356,51.55530875443866,47
119,-0.3126567308202158,51.56923587621406,58
119,-0.3047874376947778,51.56105832306435,42
119,-0.29061505316370073,51.55862467023413,35
119,-0.21870652266738708,51.55730613649174,57
119,-0.2450147866299131,51.563463300054266,53
119,-0.22314029281566525,51.54097787662592,25
119,-0.22484405318386189,51.54398288187197,56
119,-0.1969007396530393,51.53153528146069,43
119,-0.1983032779240921,51.532746079056125,70
120,-0.2999103070714027,51.56902981693396,25
120,-0.3002877041609436,51.57646801354639,70
120,-0.29464880994187503,51.57546350572394,28
120,-0.2990023312267635,51.57673580832836,64
120,-0.2710328244975692,51.57105898184556,72
120,-0.2883276282413783,51.58566753962835,51
120,-0.26606710775788894,51.57905493089138,40
120,-0.2635104180360662,51.57431330410074,59
120,-0.263363906764054,51.57129533709771,58
120,-0.31592000918744845,51.565763818884356,49
120,-0.3053282906620456,51.54939420567554,50
120,-0.22198864957061493,51.55930999059154,61
120,-0.2186530497436483,51.54986935059213,73
120,-0.2436798352205842,51.56132847787076,63
120,-0.2259389962778224,51.5452971683191,52
121,-0.30197459162265217,51.577409697224994,74
121,-0.2395855855753158,51.57471255839335,52
121,-0.27847449653381307,51.547294014617606,50
121,-0.2792538246712514,51.57021315729638,47
121,-0.26987354043877665,51.567938629891515,70
121,-0.26820062384153015,51.56432270022222,30
121,-0.3155707334395067,51.56464827577374,63
121,-0.29291190684457363,51.55542517941674,66
121,-0.30590008764371157,51.54763399475232,75
121,-0.27891759506882546,51.55115215731372,68
121,-0.3267497373613619,51.555511683363626,55
121,-0.21929584162548382,51.55020283512974,27
121,-0.22004878900984853,51.5496866356772,73
121,-0.24650671107556893,51.557822250842385,68
121,-0.24968059353577338,51.560473745813034,55
121,-0.24698895350264408,51.56412096996858,65
121,-0.2516550062834156,51.5440470056157,22
121,-0.22809417468891446,51.53463007202692,63
121,-0.23209712493749843,51.54966707734675,60
121,-0.2741234851314438,51.55231024410809,68
121,-0.19298035703783334,51.531569692261066,56
122,-0.2569776794083716,51.56320411514853,67
122,-0.2545128697634552,51.55851370276054,69
122,-0.26386070397767186,51.57626708772358,27
122,-0.26501051312665386,51.575166793196864,72
122,-0.3073766535243261,51.56471494130271,41
122,-0.2990480523092515,51.55536270002082,48
122,-0.2964633350649247,51.555119316203964,21
122,-0.288047868757433,51.58910366000186,39
122,-0.28747568247290056,51.588492724002336,64
122,-0.28570908256400607,51.58896205083469,55
122,-0.2688053016330207,51.59305745352933,50
122,-0.26758250213583107,51.59351162216322,37
122,-0.21052645677874407,51.55342782252107,63
122,-0.24422189623971352,51.55709478690469,61
122,-0.24844836980721605,51.556960146273596,65
122,-0.21855523905651875,51.53798564786743,45
122,-0.22007276135697965,51.5357397696707,44
122,-0.21449016977320273,51.540684288694,61
122,-0.21941673178212404,51.5559679744292,66
122,-0.2359742515412121,51.54667590666855,59
122,-0.3047970311692285,51.541582824089346,62
123,-0.3019888599116845,51.57354020042482,70
123,-0.301889940539521,51.580334725755414,63
123,-0.280278738779403,51.54850000058096,27
123,-0.2603026175602653,51.56484619497736,58
123,-0.270953966961401,51.56718242024708,67
123,-0.2910310607697613,51.581525060206666,66
123,-0.2953770875029139,51.580201541173444,30
123,-0.2911795588874439,51.57969485277931,62
123,-0.2677833462871564,51.5766825988075,66
123,-0.30965567889049334,51.56695417861123,82
123,-0.30574151043513675,51.55539891710843,53
123,-0.3019535611047305,51.55658924982467,31
123,-0.29501015318123003,51.56532806678213,52
123,-0.293355077401742,51.55049657370392,59
123,-0.3284604637276341,51.566021873342315,66
123,-0.26114204171238475,51.58631570284097,69
123,-0.23462302868432994,51.56147193295497,57
123,-0.24928576316976428,51.5599419717944,67
123,-0.22379672721980956,51.53208552417185,56
123,-0.22883420183921455,51.53754979189396,40
123,-0.2765447385742764,51.54966111304332,45
123,-0.214166546029402,51.525122430538545,56
124,-0.25758226915810134,51.56423413251631,69
124,-0.2607737473584256,51.57425700507437,55
124,-0.2904588101688866,51.583180752543555,51
124,-0.29188783618887393,51.584930135152774,44
124,-0.29479042750187195,51.579186063276474,72
124,-0.3180214715543207,51.55305738568621,29
124,-0.2923115640458856,51.56354883639939,57
124,-0.3015241226486018,51.54927354516921,66
124,-0.2783924157491041,51.593557694103616,56
124,-0.2652677827967464,51.58593021450315,33
124,-0.2183201636037198,51.56072158742355,55
124,-0.2487542518212268,51.56361296024937,50
124,-0.2274434734740467,51.53736773200874,60
124,-0.2376955741728297,51.54848826738634,59
124,-0.23288994860500434,51.548855780773735,32
124,-0.27746175542645196,51.55090364319062,52
125,-0.2763484247311421,51.58063051714715,71
125,-0.2989400164121811,51.58009271310906,25
125,-0.26485279956557545,51.58012478355116,48
125,-0.29333996069023976,51.55503701426388,61
125,-0.30008373136503114,51.55527425640048,57
125,-0.2828020067059863,51.5521330120399,71
125,-0.21912204594261517,51.554924417519125,68
125,-0.22320166062227387,51.557208015508614,58
125,-0.2390771972085206,51.56109993580817,61
125,-0.2501236124914681,51.564204245214725,60
125,-0.24847062799816733,51.56257787900441,63
125,-0.22309973348305057,51.54913916881542,90
125,-0.22498750127031555,51.54031339459855,43
125,-0.22075937418149327,51.53885988737968,60
125,-0.22752726938200968,51.53845248725153,56
125,-0.22655110418238045,51.5355764020619,63
125,-0.23745317851201214,51.546611183245176,64
125,-0.2776995938013181,51.548362080022955,36
126,-0.2683609250866063,51.56216000502509,60
126,-0.2585916364620978,51.56318516233601,57
126,-0.28956144636099257,51.58320602029288,63
126,-0.28600506995335107,51.585180942869876,57
126,-0.2904343864923172,51.57916280986313,85
126,-0.2956186750994072,51.55412691467677,64
126,-0.325514572306179,51.55488352020091,50
126,-0.3276874727500844,51.566866105554126,49
126,-0.28687870187878234,51.588470435854035,60
126,-0.3080515887075803,51.585529798267984,66
126,-0.20637288974507217,51.54730255152038,68
126,-0.24942635437716051,51.56412322918069,55
126,-0.24471359658793795,51.560443889833586,71
126,-0.22572634097838595,51.543662186791956,42
126,-0.2320622862172573,51.54388019285317,36
127,-0.2999576606733322,51.569232456951326,71
127,-0.30248251827329237,51.57591255788446,47
127,-0.2970980360321289,51.57498828681672,41
127,-0.2617121116823492,51.57189223343822,58
127,-0.2641716680973386,51.57061360862131,71
127,-0.3059215953024406,51.55607610488829,57
127,-0.30377499294600374,51.56022743746834,62
127,-0.2968034429844158,51.553688613402386,53
127,-0.28844673468744647,51.58894714774192,55
127,-0.2803151538347339,51.595207420125,59
127,-0.23971851879591086,51.55305125853704,66
127,-0.24714777907819252,51.565886819298086,51
127,-0.24813577315992252,51.56455501082781,57
127,-0.22598451230953057,51.53687458162662,64
127,-0.217260058523401,51.5302775547528,52
127,-0.2268460849535983,51.552599620289485,71
127,-0.27387838219268673,51.54772626837439,84
127,-0.19631286333416262,51.534182395550125,90
128,-0.2952503414245376,51.572528244116924,44
128,-0.3006963912577808,51.578231461937236,56
128,-0.2609271244966982,51.57626846884433,68
128,-0.26974618813481815,51.57187005362319,57
128,-0.2823222596660326,51.569062400403716,24
128,-0.26343792302760355,51.57512486989653,43
128,-0.30886622125375934,51.5582184004366,39
128,-0.3057081478446607,51.56496176466078,73
128,-0.2774499712803104,51.56176324900043,56
128,-0.3027882213989946,51.557369475709216,64
128,-0.28915080548943894,51.58696934809542,44
128,-0.25453480469954604,51.58445355091728,80
128,-0.2428380920065552,51.559891478385154,73
128,-0.24741434898616876,51.56548032183083,59
128,-0.2464102095470367,51.56105747413613,58
128,-0.29204520189857275,51.55263661567794,40
129,-0.3074028579459081,51.573438712953326,28
129,-0.2621839793952638,51.565349694061354,85
129,-0.29175604862133087,51.5812003365038,58
129,-0.3034769659260039,51.55857266905549,62
129,-0.29966140758688775,51.555264883624375,72
129,-0.2976554173425718,51.554068492508,67
129,-0.2977886911294436,51.55426216860766,61
129,-0.29841671547505527,51.55346205395241,50
129,-0.2993254715499465,51.55387070882449,54
129,-0.2858906203381718,51.58611955601855,68
129,-0.24119093270603967,51.56410977162618,57
129,-0.2501159405435521,51.5614116019078,63
129,-0.24686003173028037,51.55364046915502,33
129,-0.2466502946150497,51.5619666998543,69
129,-0.23929348348556784,51.54595570029794,63
129,-0.236366922843592,51.54829709011778,65
129,-0.2736473535394692,51.55227453471686,60
129,-0.2109627577808731,51.54474259711959,60
130,-0.3040535215632566,51.58245996695996,71
130,-0.296753328169563,51.57671154092665,67
130,-0.29693022683607084,51.57652204389548,68
130,-0.275177699033962,51.54756395965072,69
130,-0.2860077482731855,51.57438847687127,37
130,-0.2912143840082954,51.582960490491125,41
130,-0.2640187027105584,51.57362274566371,69
130,-0.28102081636873016,51.59213754898737,52
130,-0.23754439399066674,51.55223224249521,50
130,-0.22098659542082655,51.55165249004186,67
130,-0.24436222046287512,51.557433598550745,66
130,-0.24350773538622525,51.5598381154256,62
130,-0.2441458811999184,51.56444260974011,81
130,-0.24694378111306192,51.559992551728676,71
130,-0.21758198091391828,51.538175785626066,48
130,-0.22636669894500264,51.54599444996754,43
130,-0.25338314119475197,51.539518420140745,75
130,-0.29512571243766894,51.54162573923959,49
130,-0.3349134280039692,51.55509379846107,56
131,-0.2976117512755218,51.57326508637594,50
131,-0.2980086566971127,51.57979577381747,59
131,-0.2614364883756362,51.569531359318994,71
131,-0.2606165178571465,51.56861099654155,41
131,-0.26065105657830473,51.57552378153397,71
131,-0.27630464458138193,51.58232748009974,48
131,-0.30114245758998254,51.579650260249615,62
131,-0.29169610176325356,51.55599622504485,50
131,-0.29500272136891864,51.5590854204487,34
131,-0.3282841135902121,51.56550225933747,70
131,-0.2893754595353754,51.586931858506425,28
131,-0.2918533258369067,51.58853859212491,66
131,-0.24252612828838793,51.56248304306521,44
131,-0.24692185688764337,51.5598311987705,84
131,-0.25399613441925156,51.53929175082541,61
131,-0.33018480385247534,51.56289440517254,47
132,-0.29688148922393576,51.57108447740519,48
132,-0.29046233245757025,51.576818930356474,73
132,-0.25378724557453547,51.55662272019979,85
132,-0.2626521145885524,51.55175542732677,52
132,-0.2717029822577913,51.55431716714135,23
132,-0.29263671979956507,51.581881370505336,44
132,-0.2940555276392961,51.57888943605416,30
132,-0.2646852157946137,51.57571876883972,61
132,-0.2631406516186059,51.57361129273837,35
132,-0.26540611751765625,51.57642174094757,75
132,-0.26506148681130004,51.5735228631038,57
132,-0.30873991065403755,51.55604604168221,46
132,-0.3103794817410458,51.56488857604894,53
132,-0.2978770518168127,51.56022336523678,64
132,-0.3018509979479954,51.56147945003648,51
132,-0.28570374028705176,51.5983561886595,88
132,-0.32026904558900016,51.579610899171705,64
132,-0.24318080265955902,51.56168701608537,75
132,-0.22358018926877468,51.54031845455824,47
132,-0.2512272340005599,51.54509408651018,63
132,-0.2761203893616628,51.547908734329496,53
132,-0.2784313304451011,51.54973426386601,43
132,-0.30565861418113793,51.5427523120757,64
132,-0.30497824424801623,51.54079629114665,58
132,-0.19681225779618428,51.53302231159869,67
132,-0.20536595349899012,51.54191142340741,80
133,-0.31000950852233705,51.57420859326718,55
133,-0.2557893132383117,51.563066207182565,74
133,-0.26314640068790024,51.55285197213274,58
133,-0.2808056660792727,51.54157757087884,60
133,-0.2609752425727357,51.565950529133865,53
133,-0.2628361994479475,51.57790556274133,55
133,-0.3129149554041738,51.564956524546,40
133,-0.29795342300914596,51.55510620073866,45
133,-0.3048826790843392,51.552987587493604,45
133,-0.32653725153364827,51.56683222806296,53
133,-0.2864229502893579,51.585727682822046,68
133,-0.28576817110384856,51.58702476809003,60
133,-0.22443650706188412,51.557736547649405,55
133,-0.24552866479223973,51.55819197431753,63
133,-0.22253229238424954,51.53433390264177,53
133,-0.2291671746683193,51.53718181709327,74
133,-0.2385109052539228,51.55089606766971,38
133,-0.27731506524428245,51.550666068399046,65
133,-0.33477134197005004,51.554657380694636,58
134,-0.302934429907659,51.56802822931939,21
134,-0.29212444224920736,51.5705240671972,24
134,-0.2933496777819136,51.5777167855024,75
134,-0.2750050450619059,51.54772733203945,74
134,-0.2555951300819388,51.57236500615074,60
134,-0.2855106315239825,51.56960903436697,55
134,-0.2860061471004421,51.5821597409245,56
134,-0.2915758774801246,51.580878053568405,54
134,-0.30984133118630275,51.5547189875897,43
134,-0.3116162630836426,51.56504746750404,36
134,-0.2956899386814561,51.54895062140287,57
134,-0.29691027437800793,51.55141842563821,36
134,-0.24382191386584434,51.56275440564885,63
134,-0.22537063402960747,51.53588397788233,70
134,-0.2202161493948598,51.54629977662975,36
134,-0.2196958958904505,51.52926209502909,39
134,-0.2733522412169134,51.551111271845755,52
134,-0.19211835709217842,51.536150152585385,68
135,-0.2974831390086915,51.57325175470657,60
135,-0.2599426718072508,51.567352598760884,56
135,-0.32611618676700155,51.55925505918755,38
135,-0.3117070153307211,51.566729836089834,25
135,-0.3247702879255682,51.56349872179792,78
135,-0.29965092009069383,51.55757957374921,74
135,-0.2995683355842346,51.54432653417147,64
135,-0.2840720306140129,51.55221892406393,45
135,-0.2880561653045755,51.58982118055361,64
135,-0.24919591311809203,51.55662794848573,54
135,-0.2441214294499874,51.559634717028175,73
135,-0.22679133992440664,51.546082170499055,34
135,-0.21462364831331066,51.546144938917514,50
135,-0.27592256020500006,51.5521877228349,55
135,-0.2832094132075125,51.591085993436586,68
136,-0.30397376863112086,51.57128410633661,53
136,-0.29335031514242166,51.57056391361594,37
136,-0.29662537843696996,51.573248428579625,31
136,-0.2584173624379735,51.564283966319294,31
136,-0.25584693761845967,51.56598166846494,33
136,-0.2827971011051143,51.56726753663479,69
136,-0.29479042750187195,51.579186063276474,54
136,-0.2988436412095235,51.58062727716662,56
136,-0.26508835268135617,51.58342851467816,53
136,-0.32609179618289225,51.56072417681014,68
136,-0.30611541042422075,51.561832530444555,71
136,-0.30888266091516603,51.550472042119814,61
136,-0.30052601066177687,51.55392412298066,72
136,-0.3132495627992163,51.549425672592015,75
136,-0.2870715529980434,51.590277911446606,71
136,-0.22385436994708663,51.55714235353924,40
136,-0.22667848211122896,51.53641735323894,55
136,-0.22305759162843555,51.54331106738447,65
136,-0.22799126761234406,51.539100965435026,47
136,-0.2249711090189227,51.53970035693552,31
136,-0.2361814775431405,51.5384726996513,55
136,-0.19245925311184756,51.538342831114754,36
136,-0.20950096663113368,51.544875679690236,71
136,-0.20960876895599712,51.53097588718629,55
137,-0.3064083596950629,51.572261932962235,50
137,-0.30697379241220646,51.57350578821655,74
137,-0.30907180868245615,51.57870298812938,33
137,-0.27406914698970947,51.552917543001456,53
137,-0.26050951162961794,51.571594029318845,68
137,-0.28727629173005276,51.583506991049646,72
137,-0.2956461013805945,51.57786532569294,66
137,-0.2955433553253425,51.580881019582094,74
137,-0.32341554346055984,51.55840349615414,39
137,-0.2886269214914403,51.55999840555571,40
137,-0.3078663031237435,51.561872614280794,55
137,-0.2929736957362943,51.55041304297102,70
137,-0.28061567555237277,51.54982269523496,73
137,-0.32791268144612534,51.56714096434407,74
137,-0.28837947669161357,51.587609861057736,37
137,-0.2894344930566421,51.58618900245003,68
137,-0.2583655373897505,51.58522372482109,66
137,-0.2183277289355131,51.557102068203385,52
137,-0.2183277289355131,51.557102068203385,55
137,-0.21915140451875806,51.55035795812021,67
137,-0.21378976092387497,51.553935400942464,20
137,-0.2466615878799778,51.55751968766468,41
137,-0.24891297111907762,51.561654276969605,56
137,-0.2258477123757894,51.5448723188254,61
137,-0.24877252199937086,51.545045803201006,64
137,-0.20045096069963714,51.530138308965306,57
138,-0.30506945530574076,51.57832656425156,46
138,-0.28699380214074555,51.581266599754386,76
138,-0.2894697494359927,51.55773520344311,50
138,-0.2967396226226016,51.56102607196766,89
138,-0.32348703369129234,51.550740100692565,53
138,-0.298578186287416,51.58885070676854,44
138,-0.298368778224221,51.58993299961817,34
138,-0.2175909808192253,51.560222154091434,52
138,-0.22526292601995296,51.55726314872981,66
138,-0.2411577921875225,51.555859386290784,74
138,-0.22651709233366008,51.54620222143208,72
138,-0.2246692684347082,51.54425164396119,53
138,-0.23778039636882636,51.550475954984364,35
138,-0.25189457572719703,51.58255179018776,72
139,-0.29892961263223283,51.569048269907675,60
139,-0.3030122828145832,51.57498071583574,59
139,-0.26130223667482266,51.562125038704885,50
139,-0.26401700509317694,51.5523158956478,65
139,-0.28123467669496655,51.549277439431314,82
139,-0.28722258400153033,51.57358048674802,46
139,-0.28977828738344363,51.577978463329785,57
139,-0.2987736218488015,51.5826656602557,65
139,-0.26621540175684877,51.57543631189779,51
139,-0.3125603063117047,51.5563910129618,50
139,-0.31529275675055696,51.56607376965789,64
139,-0.30609606946497214,51.55996483699775,54
139,-0.29904280322437726,51.55854172828791,61
139,-0.29335812313956144,51.562524583247686,61
139,-0.2936163438586655,51.55136163536024,35
139,-0.21976087467739835,51.552143506211316,61
139,-0.24671554137868196,51.56407796814467,57
139,-0.24802974918023038,51.559856410948306,32
139,-0.22388135789701288,51.54418329293662,62
139,-0.22822655815843657,51.53633136468691,33
139,-0.30820397345644024,51.57691855515746,46
140,-0.29227210413195187,51.5760343880538,65
140,-0.294831445045003,51.57499123532683,65
140,-0.20433431286569637,51.548392623121096,39
140,-0.2574195914582258,51.56606852734806,90
140,-0.2813549088666356,51.54905441860553,66
140,-0.26213911525527456,51.57251443418318,62
140,-0.266048476034338,51.56485909486551,43
140,-0.2894659933360289,51.58128615564472,40
140,-0.30509536514525765,51.54883142303839,53
140,-0.30276684733209697,51.5494319739713,74
140,-0.2985233880412183,51.54791778161599,65
140,-0.29352998339353614,51.550397926408614,45
140,-0.3173178481820996,51.54886164199853,37
140,-0.27562952550391884,51.59807748785112,87
140,-0.2867433450064811,51.58797168009481,43
140,-0.2788587577915152,51.58590522741412,71
140,-0.2904123692050012,51.59143671216109,48
140,-0.26322759034585463,51.584842866833476,52
140,-0.24722462132233144,51.55815828811303,65
140,-0.2261334330227242,51.536901735915094,65
140,-0.22245090218403274,51.54910609641793,56
140,-0.2274434734740467,51.53736773200874,33
140,-0.22213192511045884,51.54529905187099,47
140,-0.22634536949992198,51.55595958966456,33
141,-0.2987720234242417,51.57074672514145,52
141,-0.2937103653109918,51.57236692293796,38
141,-0.27242211563127816,51.56461831892394,34
141,-0.29127823498785427,51.582526924469356,77
141,-0.2882640387455811,51.58252621631917,53
141,-0.266032717162577,51.57577538772114,67
141,-0.26450652665676266,51.57495863230226,42
141,-0.31444425171311136,51.56561458089753,69
141,-0.2950280554014855,51.54969980832968,32
141,-0.28286095992310123,51.551790779588806,37
141,-0.2640715684394832,51.58566763831694,68
141,-0.2240471230516673,51.53190739531009,61
141,-0.22334312718580468,51.533285021640246,67
141,-0.229539838813672,51.54460478655281,40
142,-0.3065308440353726,51.57462093841216,50
142,-0.23821716411691768,51.57359441525316,49
142,-0.27862293711765196,51.546789406397714,24
142,-0.2818170748373741,51.54865859544721,45
142,-0.30920474971429557,51.5388549545625,51
142,-0.28533502582286857,51.572393367911374,30
142,-0.2685668885474687,51.57438113383372,38
142,-0.31401444400584394,51.55692842149556,50
142,-0.3039705467509182,51.55813449164404,38
142,-0.30260828784666016,51.561160046497065,43
142,-0.27823276100894434,51.55182498550245,74
142,-0.3282367832342441,51.566666080118196,35
142,-0.28065554698880457,51.586145042633184,63
142,-0.22631184002078836,51.55722464398886,59
142,-0.21796918016418526,51.544765993454625,47
142,-0.22409587305165585,51.54408215338434,33
142,-0.2374059759779908,51.54560433522867,50
142,-0.22716912301742825,51.53357750569924,61
142,-0.22550491215087035,51.556123256448885,62
142,-0.2754726674049321,51.55121019126189,40
142,-0.2099874444439429,51.54426090977059,75
143,-0.25983314980265226,51.56467528686812,63
143,-0.32483406064189035,51.56002976832824,49
143,-0.29586863984026707,51.55048908047325,62
143,-0.2936210854562804,51.54547568012269,60
143,-0.2950873164376033,51.589046895627355,29
143,-0.27044694006079145,51.59062974242085,55
143,-0.20705850705488324,51.55236779348599,50
143,-0.27375862157345826,51.551308088962514,29
143,-0.3286267316578491,51.55393708013721,64
143,-0.20778895926915872,51.54667233301249,60
144,-0.26196580555237936,51.57066709662371,65
144,-0.2590096330845988,51.56696301949858,72
144,-0.26307070613968714,51.566922262728156,68
144,-0.270953966961401,51.56718242024708,63
144,-0.2700734423036804,51.571043267431584,50
144,-0.2809580938681235,51.56882144511508,61
144,-0.2918894164111751,51.58218473077986,23
144,-0.2980558838694691,51.58276544972213,77
144,-0.26353912940608815,51.57179111696573,75
144,-0.32856450461579456,51.56182286675066,60
144,-0.30397039255503494,51.54841936378282,70
144,-0.3013947360768317,51.54938959081085,62
144,-0.31979541239900294,51.54984825139402,42
144,-0.32923388646363727,51.56674089147113,67
144,-0.2828277267639431,51.59649266795291,57
144,-0.24358988316197716,51.56110257275222,59
144,-0.22728229664009955,51.54007380127342,36
144,-0.23283855712304993,51.541892321067614,32
145,-0.29295131965149224,51.57289644441869,67
145,-0.29784720630923334,51.5784601570676,61
145,-0.29535500146660465,51.57543716482141,53
145,-0.2706130025343317,51.565301222279736,28
145,-0.28971835520783923,51.58088690300802,66
145,-0.26358579529448356,51.57720947750392,35
145,-0.3221436159180998,51.558984779719694,55
145,-0.31283419400143075,51.56622253193728,45
145,-0.3052270031288176,51.549417898420785,43
145,-0.2866775873536105,51.58893788362483,44
145,-0.21020906554707705,51.5547114792881,51
145,-0.22271747852200915,51.53535572534018,66
145,-0.22716912301742825,51.53357750569924,69
145,-0.29333060065699923,51.552796019350666,44
145,-0.3297256264424985,51.56280246483051,29
145,-0.20645342736640387,51.544059566490134,75
146,-0.2935462513111928,51.57701744517843,25
146,-0.2740361419408376,51.54718838416838,38
146,-0.25777438720655627,51.572966439001526,29
146,-0.2906522011049982,51.58044848000752,44
146,-0.2921064007194929,51.580780062922756,32
146,-0.30671455955881205,51.56406493784515,31
146,-0.31168919182190263,51.551008360732425,34
146,-0.28703952000997224,51.59023658584746,48
146,-0.26172200158411685,51.5851267099247,38
146,-0.2053768239462191,51.55072901637749,20
146,-0.22731731681149264,51.554529221523296,44
146,-0.2117432657137018,51.53962910628832,38
146,-0.2145229627966418,51.546208143812606,51
146,-0.22600149273890657,51.551740349777816,67
146,-0.19543465079915393,51.52532400124099,53
146,-0.2507516285613654,51.55564570799667,63
147,-0.2923576653023078,51.57550289698877,31
147,-0.26405049538798536,51.54969832100019,60
147,-0.27522788382450214,51.547224781961546,63
147,-0.2876125695693915,51.575744739674285,36
147,-0.2637228179640891,51.57327485480233,48
147,-0.2659423167743342,51.57369090081731,60
147,-0.3145210156139882,51.56504212333841,53
147,-0.30229537608538554,51.560750096688146,50
147,-0.2939696509731289,51.5630374213216,73
147,-0.31069054807763336,51.586979894509696,52
147,-0.2108323812186624,51.55189388311613,63
147,-0.24837620082925205,51.557614161619156,39
147,-0.22173769598783646,51.54087961137154,61
147,-0.20049228252218124,51.53156120650621,32
147,-0.2735317453558845,51.551594931058034,31
148,-0.2981013322272054,51.57936963443862,67
148,-0.20282863384148656,51.54844454229865,39
148,-0.25724236911645026,51.56490460942449,67
148,-0.2845868355297299,51.57289900313551,48
148,-0.3041366957874298,51.56172754041969,54
148,-0.3083591692714897,51.55069414629947,75
148,-0.32478810078291714,51.56724997748975,33
148,-0.2820444441595909,51.5886019098768,37
148,-0.24172746742439663,51.56009196295007,64
148,-0.25031618066432226,51.56152428828756,51
148,-0.22649118004742314,51.53758364883963,31
148,-0.2746339234117937,51.54865405952411,71
148,-0.2951594679194521,51.55374436917245,59
148,-0.25103081770696434,51.555589196180094,69
149,-0.29751850283701997,51.57767784539775,56
149,-0.30286025280488144,51.58084520862161,64
149,-0.3045546420038721,51.577240477202935,53
149,-0.2737497380979623,51.56352919467002,59
149,-0.28856309385973444,51.58361822579985,47
149,-0.28777789278049043,51.58426927629198,32
149,-0.2895421358316862,51.5817800354176,75
149,-0.31566936423471414,51.56531525141273,28
149,-0.3091377324127799,51.568434047184816,62
149,-0.2912133544313535,51.55547870206931,50
149,-0.2915639441345095,51.54355631329198,15
149,-0.29891742852265696,51.54778582080747,54
149,-0.2849562243380373,51.55344966341795,25
149,-0.22443650706188412,51.557736547649405,69
149,-0.2240749454390556,51.53694593526547,70
149,-0.22122514379428695,51.54512641888946,62
149,-0.2211047335057293,51.55507912683649,71
149,-0.27649781114146205,51.54937372611717,60
149,-0.27685054397148606,51.548116747137634,63
150,-0.30155786220178493,51.56932880206053,57
150,-0.2974994726814402,51.576413267115896,34
150,-0.300143365572421,51.57694416618846,41
150,-0.2624778654352873,51.57921760095608,47
150,-0.28578811929927994,51.57025263331876,64
150,-0.27999953900006164,51.56828815550882,64
150,-0.28049884656597995,51.570010367152015,42
150,-0.2939223395248531,51.57793020807783,74
150,-0.29122121312155114,51.58032328423501,70
150,-0.26506148681130004,51.5735228631038,37
150,-0.2956351425040619,51.5621755661547,62
150,-0.2801283596035075,51.550151160475195,70
150,-0.2952428107679487,51.59053402320085,87
150,-0.30871361453220747,51.58281042675966,32
150,-0.21926330875275138,51.55060246609238,33
150,-0.21166047696977763,51.54955972450023,88
150,-0.24365529217024293,51.55870253851886,51
150,-0.25220901917342364,51.56114174593805,49
150,-0.24853375058586116,51.55977066152109,31
150,-0.1878024562673741,51.536880177197084,36
150,-0.19308861432820873,51.52786487833293,62
151,-0.295848917917198,51.56869568194147,67
151,-0.30423843637758724,51.58182377013952,31
151,-0.29881350364953135,51.576177974943604,29
151,-0.25671505535095845,51.559798789032776,59
151,-0.262142748641721,51.568567006111074,69
151,-0.2562814247385092,51.57239093309227,56
151,-0.28151867143824766,51.56846494772545,59
151,-0.2911514821845261,51.58528406394786,71
151,-0.2634539951063524,51.57566031267375,48
151,-0.26427690529389947,51.57467974644349,61
151,-0.26672903515383745,51.577813352032486,60
151,-0.27573343190807675,51.56183816988509,82
151,-0.29525164530570835,51.555106862119636,31
151,-0.3056458896555713,51.548290008802034,43
151,-0.2965317901283152,51.54955878379253,89
151,-0.2934062956563417,51.54629264541499,56
151,-0.2802750900816854,51.55249120601261,70
151,-0.22024782436713433,51.55718294488224,56
151,-0.21938410150215878,51.55035623058836,60
151,-0.21442230234195217,51.550644433031614,59
151,-0.24671554137868196,51.56407796814467,56
151,-0.25782159654552184,51.54096544396381,31
151,-0.20248865406957764,51.53258449803117,52
151,-0.1888940495293042,51.53496302309745,86
151,-0.3316748816032676,51.55407598055587,54
151,-0.20669987458300584,51.54215211422494,52
152,-0.2962258999154327,51.57056312237931,50
152,-0.29803292797753894,51.57667246725162,75
152,-0.2574223914010413,51.560678222774364,43
152,-0.2684682995705667,51.56726334435751,57
152,-0.29322983068876524,51.57842092229613,70
152,-0.2954280632407207,51.578623227383,71
152,-0.2968005994670497,51.54949312389223,70
152,-0.3247375979732523,51.555597261695404,39
152,-0.31672068279249943,51.55065893316651,27
152,-0.20968696431517897,51.55105491566029,63
152,-0.24407936231739255,51.558424432122216,38
152,-0.2410124390583007,51.564169856326245,53
152,-0.24623398807639268,51.560451563791496,73
152,-0.22711112299790837,51.55523834793375,61
152,-0.2321768839136606,51.54951195971908,53
152,-0.27337219106441585,51.548460390818676,51
152,-0.2750699012639296,51.55148289716898,58
153,-0.3037562329111023,51.569399651590835,18
153,-0.29725709658809873,51.57528917150008,48
153,-0.2684400347818724,51.57191018064658,71
153,-0.28716150023181564,51.580356094227035,50
153,-0.28988966922064763,51.581284399045025,72
153,-0.2645362207141046,51.57194598172089,65
153,-0.3137853596374164,51.563825785991526,60
153,-0.3052540296088171,51.55550607230378,50
153,-0.29700357980799674,51.55396885397167,41
153,-0.3011878436507703,51.58888526079252,47
153,-0.287702192385331,51.58701971575836,56
153,-0.29721699849359656,51.58918875069774,65
153,-0.21231543284009297,51.548700154112666,25
153,-0.2203487703831444,51.53771667023371,33
153,-0.2579934320515881,51.54210722197285,67
153,-0.22818734038543634,51.53626636807061,73
153,-0.22581038085347518,51.556064397035065,57
153,-0.3054804346657071,51.54195798145523,61
154,-0.2992266665098107,51.56983656485497,63
154,-0.30503032597081114,51.578136724848726,35
154,-0.2657085294074087,51.551811004736805,66
154,-0.26818794716215216,51.56689138302653,73
154,-0.326951453647252,51.557529875068695,22
154,-0.30018595448223473,51.5571028421946,63
154,-0.2964895899605966,51.56130831799116,59
154,-0.2978191323045428,51.552643569802,56
154,-0.3011155676093422,51.554003925484686,37
154,-0.2800846121312177,51.54919915521653,48
154,-0.28469820529462175,51.549723293619614,41
154,-0.3188137610868181,51.55052795844588,64
154,-0.2931768493401433,51.59153036608726,55
154,-0.22686142754911937,51.55349835442631,69
154,-0.21502297474652696,51.55292205673011,47
154,-0.24687861168759662,51.55770839830419,54
154,-0.24359357068781487,51.55776122803502,52
154,-0.22364488966817803,51.549166029432406,67
154,-0.2157548228068803,51.5412628590072,38
154,-0.22507618777633612,51.538644819734095,66
154,-0.22843641335378465,51.53586336214001,64
154,-0.22759906267723493,51.55300163850346,65
154,-0.22417511522885034,51.55593564438128,23
154,-0.2212503888649023,51.555264983941015,30
154,-0.30880429296302697,51.54000680079443,59
154,-0.3294817889305608,51.56330263443472,53
155,-0.3060839432014862,51.57010360799249,74
155,-0.3018526511656266,51.56940259766795,63
155,-0.28962987898466525,51.52871483411425,58
155,-0.28645312961604613,51.58506473555317,40
155,-0.29551404076702004,51.54889126428569,80
155,-0.33038297994004745,51.56355733974401,58
155,-0.29231846176373877,51.58975418182514,34
155,-0.20475223794755518,51.55023696356832,61
155,-0.22533603051265846,51.54206929923556,70
155,-0.22903303964202126,51.53618201160101,55
155,-0.23167255022733876,51.541418521286715,65
155,-0.2264284138575253,51.55684449302127,59
155,-0.18808188739840787,51.53541443731205,58
156,-0.30807383738260163,51.578678298356316,65
156,-0.31125557676715015,51.57872322216823,40
156,-0.2812390249869675,51.53388759962431,63
156,-0.25782451496845926,51.5653729655452,50
156,-0.2612438748751385,51.56883158539823,63
156,-0.258256189534479,51.572838100745805,61
156,-0.26128767579939116,51.56656171017723,62
156,-0.2619245748621121,51.566490677640985,55
156,-0.3220403258684938,51.56120667859044,63
156,-0.32216239160885773,51.55913019524041,54
156,-0.2968606031117927,51.56754409704166,38
156,-0.303337710708691,51.549618335414635,68
156,-0.3058249179075574,51.54807774499294,29
156,-0.29188291307810627,51.551588639545216,23
156,-0.27943294315165756,51.551651316072395,50
156,-0.3022124763496793,51.58782389233566,50
156,-0.2891185511578945,51.58824735031812,46
156,-0.2978657185501825,51.58848207666091,71
156,-0.26105105452706195,51.5850192829573,63
156,-0.21754367813416645,51.5536508808821,57
156,-0.24649239595445224,51.56537654462759,74
156,-0.22906420284712148,51.532392391402794,58
156,-0.3289299007888739,51.563720215592916,29
156,-0.21019404583873832,51.545967818519344,55
157,-0.2621440808764458,51.56823367497497,72
157,-0.26033240852249023,51.57455041752293,72
157,-0.2687507631223746,51.56908296272013,75
157,-0.2698347261616565,51.570482916820005,67
157,-0.2999136146938011,51.58022492366104,57
157,-0.2947733356573024,51.578823539720894,25
157,-0.2659784974328171,51.57358111595027,47
157,-0.3116322563857866,51.55606562797779,66
157,-0.2829502416635165,51.56304398342533,62
157,-0.2808334421888353,51.552805490654464,47
157,-0.32524743754432445,51.552258235469274,52
157,-0.24681563560659175,51.585718939025966,72
157,-0.2492175595463307,51.58632258105826,72
157,-0.28589975734776724,51.58721359347618,53
157,-0.28807405035379124,51.58724732916457,31
157,-0.2819968503330037,51.59348370435423,40
157,-0.2232283672790887,51.55761977718199,35
157,-0.24846744678562033,51.55981858490424,59
157,-0.22779876535983482,51.532873644164916,41
157,-0.22310389243165868,51.53284522110549,71
157,-0.2236293250514166,51.54043611815932,74
157,-0.22437738892956505,51.539870907373114,47
157,-0.2273468593446884,51.53491078000152,68
157,-0.23704214136290852,51.54630635463669,34
157,-0.27064941549930466,51.55049018410266,72
157,-0.27552201164637197,51.551447090971095,68
158,-0.30580876097127635,51.57187039340921,60
158,-0.2412926983820727,51.5740746512564,67
158,-0.27433346990800345,51.54606943058784,53
158,-0.28675498685922696,51.57461471803093,32
158,-0.2917837235669807,51.57979208837407,69
158,-0.29996921205172844,51.57963205739109,47
158,-0.26508671214444796,51.58050957937285,64
158,-0.2654681886302532,51.577039305218236,31
158,-0.31309309946421654,51.55832988760435,83
158,-0.32349461749366554,51.55700886794013,81
158,-0.3190893391071692,51.55619193816472,50
158,-0.3014150715218667,51.55599033057496,61
158,-0.3079099878164689,51.54811745880154,43
158,-0.2972439728419489,51.54925953599653,74
158,-0.3067525788479753,51.5888295822984,63
158,-0.22303331984054556,51.550238523227776,61
158,-0.24812275269447845,51.56485796248621,53
158,-0.24741434898616876,51.56548032183083,59
158,-0.24761458005854067,51.557280989754,73
158,-0.3061515976584622,51.541103134235605,72
158,-0.2115631619172337,51.54455050538378,49
158,-0.19875507480270457,51.5276652426498,32
159,-0.3111800856411376,51.57809880427419,68
159,-0.3028553755196599,51.5756892680364,34
159,-0.2619497394900609,51.53181123221196,44
159,-0.26126839673505947,51.57757135118268,59
159,-0.2816085312147956,51.56817212583719,47
159,-0.262744180949461,51.575298714792076,72
159,-0.3265456861640585,51.55949326967281,29
159,-0.3062950727757462,51.564302177266406,32
159,-0.30357468100830803,51.55716845571783,50
159,-0.29400429057647526,51.564260509693604,76
159,-0.32511413741166534,51.56580458267889,37
159,-0.2985109639379381,51.58870333527446,51
159,-0.27975055151110784,51.595555946151244,49
159,-0.25765194886695525,51.58398946354783,68
159,-0.23886634289096997,51.55424846320126,72
159,-0.20779986157411823,51.54942181405725,27
159,-0.24551615991118,51.557795969060976,69
159,-0.2472657603818088,51.55930550223409,36
159,-0.2199626521584456,51.53347202320821,72
160,-0.30761702424091664,51.57198622772229,45
160,-0.30517441212110646,51.580346648002134,35
160,-0.30423843637758724,51.58182377013952,62
160,-0.29414836687936824,51.57754904340149,43
160,-0.2905716222188242,51.57164552549753,44
160,-0.2992623767378734,51.57939974802703,30
160,-0.2570524304757721,51.56518699649632,53
160,-0.2529499946806388,51.56329212593937,52
160,-0.2635318431629602,51.56791933513755,29
160,-0.2694958677291575,51.56954191859834,64
160,-0.3075457535939232,51.56672107029779,57
160,-0.2983404028306685,51.559971107536754,61
160,-0.2930368450565392,51.55031834151803,66
160,-0.2581036855169002,51.58628694612205,67
160,-0.22100743107358947,51.55636192505731,28
160,-0.2256001981285274,51.56439711583293,69
160,-0.24338567834003902,51.55948300596848,66
160,-0.24789742781286556,51.561297496551354,35
160,-0.2284270215676385,51.53843759697663,54
160,-0.22755961837009134,51.54091800442902,73
160,-0.21611973703297926,51.54703414993393,71
160,-0.22603520962044993,51.55618683491421,53
160,-0.23342204315668708,51.54613527631366,30
160,-0.2306052790167643,51.54974303568608,40
160,-0.27620699582609337,51.54873442883976,54
161,-0.2993315960978964,51.57144100712395,72
161,-0.30782981314684155,51.57699306075596,58
161,-0.3021026462208711,51.57640439799012,53
161,-0.29110467799837214,51.572004833538664,70
161,-0.2542899914594641,51.558889272933556,66
161,-0.26230148888071025,51.579498838431185,55
161,-0.26218409073315035,51.578964679021546,46
161,-0.2605453121252532,51.571206511034966,49
161,-0.2692384650768892,51.56502362820951,59
161,-0.269998563832079,51.565190910172944,48
161,-0.287784623583425,51.58421067555281,39
161,-0.2681638269182143,51.57463376611563,46
161,-0.31326711678021596,51.56555042713567,90
161,-0.32283517639648907,51.56470531890692,65
161,-0.3037272855084697,51.55767440469012,32
161,-0.2980110710584138,51.55293370765043,60
161,-0.2875231337838904,51.58718605781947,43
161,-0.28181337862661066,51.592404006060825,27
161,-0.21336291349523018,51.54924363682589,65
161,-0.24292494391475764,51.566096217015016,83
161,-0.24981756758326923,51.56210953342749,53
161,-0.2490260838842309,51.56103271091863,61
161,-0.2491400597677102,51.561712525229915,69
161,-0.24459828376944398,51.56461821823387,65
161,-0.22654801166211275,51.53753284207932,75
161,-0.22108599908414558,51.52988281538132,53
161,-0.2342560017968048,51.544843068122695,56
161,-0.27817174436397385,51.54841287603589,60
161,-0.21061191690570907,51.547090595056815,53
161,-0.2045327523548395,51.54301960776352,46
162,-0.3064083596950629,51.572261932962235,25
162,-0.30690338635613124,51.5755121579926,62
162,-0.2686571210682319,51.569687527323474,55
162,-0.28388104428579164,51.567272934940455,44
162,-0.2628217760343892,51.57745594694626,52
162,-0.31442286498409294,51.56603110967241,56
162,-0.31397971582249334,51.56475507157276,63
162,-0.2868284927736714,51.55554516374036,71
162,-0.2990033346730695,51.55701793275375,53
162,-0.2948113446370847,51.546282937188124,76
162,-0.27948349342785284,51.54961708716003,61
162,-0.2804114648161474,51.55197172021403,52
162,-0.3236287645055228,51.553964526003604,60
162,-0.2779527903708339,51.595547753194005,28
162,-0.26952919822127697,51.59569655139239,23
162,-0.2064097066268538,51.55105622411223,67
162,-0.22663270986214926,51.53683231368902,64
162,-0.27378784969701486,51.54937213918277,73
162,-0.20616418008299084,51.54465946976892,39
163,-0.2627268752733402,51.56650034277434,47
163,-0.2846109638874805,51.57408078504815,57
163,-0.28432214590812177,51.57324766958456,75
163,-0.28830473292708686,51.58374413527799,69
163,-0.2920977676783946,51.57747209083663,58
163,-0.26560268458455427,51.575464312864874,56
163,-0.3127548266586624,51.563736988296796,36
163,-0.31845250027719496,51.56173053324469,33
163,-0.3093037039014274,51.55092997259978,45
163,-0.2836635350352184,51.54990696631909,54
163,-0.31485311347279793,51.55139124790881,54
163,-0.28695219916126335,51.59011767593792,60
163,-0.2641123351488517,51.58655380233323,68
163,-0.21741026919961381,51.5523120455961,42
163,-0.22451314909232034,51.532136121796746,56
163,-0.22142032175570073,51.54829251750128,31
163,-0.22531260829244545,51.540921745412575,69
163,-0.2247032877680275,51.54251441974057,62
163,-0.22311236632811107,51.543999185361294,61
163,-0.2674692215165656,51.545034556550405,36
163,-0.23410041122831574,51.54271134212926,31
163,-0.20668318700861513,51.542324479005686,71
164,-0.3065308440353726,51.57462093841216,57
164,-0.30408664305370386,51.57523201748665,41
164,-0.2568916766724926,51.56316077686377,60
164,-0.2571193829295429,51.567126709494254,39
164,-0.2669608892173742,51.56721004408627,63
164,-0.2633120247896172,51.56926340613445,48
164,-0.2852185908612482,51.57320965663602,49
164,-0.2891927259506234,51.584638698456,33
164,-0.26661188512857953,51.581048568535834,31
164,-0.2663016463634987,51.57527028864612,62
164,-0.32723867868239837,51.55896661521585,65
164,-0.3204691805782377,51.58080942628156,30
164,-0.2436593789338946,51.55783653473834,77
164,-0.21310733424554915,51.54396560335601,80
164,-0.22282234452210933,51.54145923385517,71
164,-0.2471820847356037,51.54538905936526,48
164,-0.20847696267160518,51.54446459838773,69
165,-0.29131103857231233,51.57132783280454,49
165,-0.30688937240711683,51.57725142455237,73
165,-0.26990544126836397,51.56327812266143,58
165,-0.2559212744598876,51.55885271919769,42
165,-0.27402390813971417,51.54667835674637,65
165,-0.28711472281719536,51.5735897529637,56
165,-0.28619716569219505,51.585325182950854,57
165,-0.26498035448777413,51.579664098587166,54
165,-0.2644666784777273,51.57688711951817,47
165,-0.3075549657590541,51.55640884342486,55
165,-0.28904795526848903,51.55885219297139,58
165,-0.32703897344647553,51.56706706935784,61
165,-0.2896461719902489,51.587280159800436,41
165,-0.3095358481628017,51.586496299670735,53
165,-0.2675881976102228,51.59040640595005,53
165,-0.25823370847835114,51.58588119567184,32
165,-0.21872079085416543,51.55733183262315,40
165,-0.2207446071109108,51.559552898907924,39
165,-0.20717616530764665,51.549447730180454,51
165,-0.24419602699434745,51.55998061508821,46
165,-0.22401451762580055,51.542586323770394,63
165,-0.22669136531958914,51.54265080372472,43
165,-0.23764687491399708,51.537135418412326,54
165,-0.22313339260646006,51.552788907155744,44
165,-0.23866279899815823,51.546955450302065,36
165,-0.27566235782113435,51.54997376176348,61
165,-0.19951787163543924,51.53061934230176,72
166,-0.2973110319068044,51.57223486130383,48
166,-0.2552284310178378,51.55944654469185,60
166,-0.2649743735857042,51.56948474733462,30
166,-0.2859042255561355,51.58476169228891,34
166,-0.2978594309519667,51.5805218870605,73
166,-0.3286344911904781,51.56256474482099,29
166,-0.3043956225349319,51.5483697582696,45
166,-0.30829712524131814,51.54773354098386,45
166,-0.2672807640063413,51.58937223521145,39
166,-0.24359578631239134,51.55708273928552,29
166,-0.24344990343658082,51.55696696769925,43
166,-0.2497396162684841,51.56038472678048,59
166,-0.24787078873725976,51.56063801171259,75
166,-0.21872189900451228,51.53173224559488,42
166,-0.22440838623285173,51.531429565649354,45
166,-0.22461389037657642,51.541374029578364,31
166,-0.22501086453770247,51.545615271299226,33
166,-0.23583112391251493,51.54522410911994,87
166,-0.2242546654664653,51.555402718519076,71
166,-0.2195659608607324,51.55568108032058,30
166,-0.2924470535701676,51.552709066735,71
166,-0.1980604695688566,51.53338630456899,63
167,-0.2563192974238443,51.55907621455184,40
167,-0.264255658772532,51.5518994543469,63
167,-0.26336940574561873,51.56785884659286,31
167,-0.2848613735865217,51.568644699260595,45
167,-0.2872672635431496,51.580540423472044,81
167,-0.2860169631079169,51.55947687759674,69
167,-0.2999251327595548,51.55518005191361,87
167,-0.30101444422987483,51.54873801551064,58
167,-0.32803882081982993,51.56388915735047,33
167,-0.21778220432084147,51.557399407616124,38
167,-0.2243089527112607,51.533825415821234,64
167,-0.22306053826715808,51.53519575279256,71
167,-0.2249871229175874,51.53942222146344,64
167,-0.22939296055227473,51.54385148507836,74
167,-0.22300718865734995,51.54472269068845,24
167,-0.25733507011093254,51.539840404415116,30
167,-0.22741100185898702,51.53451394572233,57
167,-0.23477014709857932,51.54485649190468,58
167,-0.2348596771648876,51.544954279246824,61
167,-0.32933958981868555,51.55862436639107,49
167,-0.22761110889299593,51.549083245436066,29
167,-0.20106416822844228,51.52675380062922,57
167,-0.2501195258052523,51.583491599702405,68
168,-0.2921483586482593,51.573100490077664,29
168,-0.302596097941912,51.57961234649508,62
168,-0.29735934721965435,51.57833589374355,61
168,-0.2740361419408376,51.54718838416838,33
168,-0.26571341481218586,51.5676667756973,41
168,-0.2867434147264606,51.57156231608038,68
168,-0.2869574742574481,51.58495806499141,70
168,-0.28985268063341657,51.58468749469378,36
168,-0.26318188886295896,51.575529669031205,43
168,-0.3081242742969669,51.55625088450426,46
168,-0.32856696678627945,51.56084363025523,55
168,-0.32423256643818216,51.55762416338967,29
168,-0.2895698599487459,51.56202687727164,40
168,-0.29816983456038865,51.55530350115974,65
168,-0.2821182617773989,51.59339554281818,46
168,-0.24072646466566755,51.5534472026389,43
168,-0.21870040952279451,51.551096111746986,60
168,-0.24991416029420666,51.56361528154419,60
168,-0.22458594086605727,51.544261422302874,34
168,-0.23824322046827529,51.53633074179923,33
168,-0.3061086847176168,51.54048482530492,35
168,-0.32686059682684104,51.55469334433798,65
169,-0.29863064541524004,51.57166362732296,40
169,-0.3010359872336092,51.58058730025115,41
169,-0.2956886880477133,51.57545178723732,60
169,-0.3034783012395525,51.581464669863955,72
169,-0.26366723246363954,51.56283716145102,39
169,-0.2625174362244541,51.5631909806443,37
169,-0.2576370523048615,51.56183390916843,32
169,-0.2553506151852499,51.558313811050304,49
169,-0.27645083881283933,51.546624949008134,35
169,-0.2616775593551283,51.564633992110345,43
169,-0.2764912161587705,51.58230842243078,52
169,-0.29155610258217785,51.58054456966242,55
169,-0.2647109266198255,51.57949607866465,32
169,-0.29849330920189204,51.555636608314025,84
169,-0.2933466831209894,51.55133012696952,76
169,-0.2164296108123764,51.555147648451076,75
169,-0.21953267139197177,51.55271060358448,47
169,-0.24302082008318726,51.5613443542485,63
169,-0.24686552114127217,51.55929666171674,54
169,-0.22114276685651627,51.548063610899796,39
169,-0.2776566662982809,51.54979451506214,56
169,-0.2924470535701676,51.552709066735,47
169,-0.20778563073462852,51.54502146510927,63
170,-0.30404475217896415,51.58114343077079,60
170,-0.3014385485347701,51.57722457321775,43
170,-0.2525235823240688,51.563951023290365,78
170,-0.2943626104302505,51.58156164256516,61
170,-0.2679745672782547,51.573589715959734,62
170,-0.2662442724777386,51.572704418112465,46
170,-0.2891783061350357,51.55878045282566,56
170,-0.3048510437060695,51.55851494269302,40
170,-0.29613637751518657,51.55529217821074,27
170,-0.307660505067247,51.549217482606856,59
170,-0.2846224104985582,51.55361992737848,55
170,-0.2825714602736902,51.55244652140647,54
170,-0.2871993653918957,51.58766777659886,68
170,-0.28811382078625936,51.58891759317985,28
170,-0.2809078687177247,51.59546800422679,62
170,-0.25819192924985657,51.58468156319952,67
170,-0.2087123572606573,51.55367322889586,78
170,-0.22246457864101044,51.5567918016802,41
170,-0.24802974918023038,51.559856410948306,69
170,-0.22958753071333515,51.53725953657698,68
170,-0.2259573167135848,51.53789193561283,67
170,-0.2181007631710246,51.54673543217332,64
170,-0.25299347876872663,51.53879843309276,35
170,-0.23350224268072703,51.548840306571925,59
170,-0.23380241891099426,51.55034411667127,35
170,-0.21219236519748813,51.54455650379464,42
170,-0.20742908099940502,51.54664304064729,64
171,-0.26252713243264597,51.56057669588899,56
171,-0.2705865564601719,51.566518654252356,29
171,-0.2786958780824237,51.580518095460754,52
171,-0.2905740187943587,51.58150378189226,72
171,-0.2938486136537147,51.5774362052036,53
171,-0.29340995644224316,51.58053173523376,72
171,-0.28595254166354483,51.564679908677235,48
171,-0.28715233139326385,51.55787845325199,32
171,-0.3078344150468324,51.56096047617689,42
171,-0.2963096853289874,51.59184139245984,58
171,-0.28586701584813595,51.59854540637832,36
171,-0.2657084207594922,51.59178814117587,61
171,-0.22874115161143257,51.56110490291979,62
171,-0.21676435934991456,51.54461523815345,59
171,-0.22833998538802022,51.54219553178334,82
171,-0.21936204174340412,51.5462308076035,41
171,-0.2670318822309588,51.5442713117239,75
171,-0.23703247336170083,51.54464774153226,47
171,-0.2267895762026153,51.536200575043374,40
171,-0.3325327515355904,51.55262938558069,32
171,-0.292081428007683,51.55235140600738,46
171,-0.19942426794280396,51.52732952192142,45
172,-0.2974968628268736,51.57115326265184,62
172,-0.30940898109566234,51.57318248282137,53
172,-0.2932512694109111,51.57666058434309,62
172,-0.30259771129280777,51.57701370589479,58
172,-0.2696387699607473,51.57067989507813,52
172,-0.26989480652506365,51.56971005317154,61
172,-0.26357116622855725,51.57461819201073,90
172,-0.30324738506744175,51.55524937146132,27
172,-0.30277187138458855,51.555975143778696,61
172,-0.3019481040090985,51.55718693880983,60
172,-0.29679886154789636,51.548785803175775,36
172,-0.29877814633153393,51.54932670980168,72
172,-0.28423517094043627,51.54937040881921,58
172,-0.3039604061479801,51.588276490111596,54
172,-0.3092910209448934,51.587724048077625,66
172,-0.24720720716380462,51.559155325594084,64
172,-0.22253733057357963,51.542849183609015,63
172,-0.22775335576875902,51.53954799836345,43
172,-0.2275279347724283,51.53721102157552,56
172,-0.21987501507401508,51.54756335977741,32
172,-0.2537453324756102,51.53706303164948,67
172,-0.20947523066558071,51.543836005485815,60
172,-0.20985276500371114,51.54413460710021,86
173,-0.29561383233838384,51.57525774709819,73
173,-0.29610559874742676,51.5770896574042,60
173,-0.2981599565853319,51.57688480471814,51
173,-0.26798569260910876,51.56764351242531,52
173,-0.28819522091287736,51.57325877287078,39
173,-0.2878603538438918,51.58565682487784,90
173,-0.2931970256260023,51.57869611371325,63
173,-0.26424831974863366,51.57480821772248,65
173,-0.3118902121157488,51.556845583020504,55
173,-0.3171598069111505,51.55416917068353,34
173,-0.30741166223958655,51.56564626845265,57
173,-0.289811844685712,51.56459264838322,67
173,-0.2930639859165627,51.550667310095456,58
173,-0.29069174526218855,51.552153837106076,74
173,-0.2911630092391708,51.55024762467163,34
173,-0.2863382658495466,51.58603220199748,40
173,-0.28609485345971003,51.587900216723504,27
173,-0.26384908315589123,51.59258045982037,42
173,-0.26144835398308697,51.58662114245606,73
173,-0.22319445003347813,51.55414958452752,47
173,-0.21550379200424824,51.5509292357483,70
173,-0.2450214978663802,51.55703507686325,37
173,-0.22067364815010934,51.5366164870646,36
173,-0.2283063804320588,51.53788840447694,63
173,-0.22839216113743127,51.54882355197679,64
174,-0.3036985880882815,51.58144744697446,71
174,-0.29497538328053685,51.57457831603245,72
174,-0.30212627479728416,51.577200098089776,61
174,-0.1989371812407685,51.545398362051344,51
174,-0.257853612588519,51.563690144322734,81
174,-0.27393530473068195,51.54687196277907,29
174,-0.2842404986404853,51.5740687062927,60
174,-0.2887580561458964,51.58325518366485,71
174,-0.28997779869503376,51.58443299191307,53
174,-0.28890488486584975,51.58376257274779,54
174,-0.2956461013805945,51.57786532569294,73
174,-0.2630818283738271,51.58048313460656,48
174,-0.3136467297381646,51.55569929392404,37
174,-0.3071177236395774,51.555238538704515,67
174,-0.32037569206656075,51.553695121939924,44
174,-0.3179451962601564,51.55371682488728,30
174,-0.32398671499576104,51.55676080598378,37
174,-0.30574151043513675,51.55539891710843,57
174,-0.29020916188246043,51.55851252274855,60
174,-0.30187209477981924,51.55574842223482,58
174,-0.28014554315368007,51.552054853489736,34
174,-0.29854589198407727,51.5899136434693,57
174,-0.2724857053963389,51.59149179863407,70
174,-0.22897153810557108,51.55104378295056,47
174,-0.21207253355219113,51.55140490281115,61
174,-0.24980625919953733,51.56271132606208,48
174,-0.24466782891917055,51.56398099551164,25
174,-0.22141404723687544,51.53350609973012,52
174,-0.22479253430226143,51.54534594622731,50
174,-0.21685435060674774,51.52894335563647,32
174,-0.22435916885925578,51.55483420550691,55
174,-0.22427807400704525,51.55604799134292,55
174,-0.303823151561961,51.54155874460134,60
174,-0.210245548212706,51.546034984370415,45
175,-0.2557389915477907,51.55863960779113,52
175,-0.270544483006363,51.554246033820526,54
175,-0.2598899284416662,51.56599545506408,37
175,-0.268184135550699,51.570842802526755,68
175,-0.2797757984095992,51.56829924813498,68
175,-0.29551446875426857,51.577879259346865,51
175,-0.2912816569671575,51.560403979801485,59
175,-0.2951757236428164,51.545512222393505,23
175,-0.2532837840178763,51.59085658741335,36
175,-0.28576577105253625,51.58853515791138,64
175,-0.2578047874207308,51.58560576259556,56
175,-0.22113362514434212,51.55125456414045,36
175,-0.2298755483744115,51.56230577185768,67
175,-0.24082674892006603,51.56168645775628,25
175,-0.24466782891917055,51.56398099551164,80
175,-0.2238704768150483,51.535441463808446,56
175,-0.2167982229156047,51.54081968936741,64
175,-0.22680791138689396,51.53788974636223,61
175,-0.2729493223835509,51.550312331777754,32
175,-0.33040167471935433,51.562770147394446,41
176,-0.2972260772784627,51.57665736755215,88
176,-0.20495894542231308,51.548718671683645,53
176,-0.28739881905996884,51.54155127851747,58
176,-0.2615867075541303,51.56922895263579,73
176,-0.29736124494276583,51.58010922457361,67
176,-0.26651371135197244,51.57980029771648,39
176,-0.2656350589937375,51.58011993589833,54
176,-0.3131340010017437,51.566183366541786,75
176,-0.3006694599324839,51.561458194392074,81
176,-0.30716502011982527,51.55281911633511,64
176,-0.3144791515730537,51.55128465556369,58
176,-0.28559183005583066,51.58717127152948,46
176,-0.21852708218801556,51.55342171016307,66
176,-0.20712290714319717,51.5482860461189,33
176,-0.23444270941770695,51.567743583213165,41
176,-0.24468151315854408,51.56272600901067,37
176,-0.21255950346227304,51.54148684260113,53
176,-0.33040167471935433,51.562770147394446,46
177,-0.3029524085133999,51.579558029671425,84
177,-0.2899064906828648,51.57575794260423,33
177,-0.3021240627699754,51.5795297477806,60
177,-0.2779469403889781,51.569315206417954,34
177,-0.28657074012909844,51.57293524068861,67
177,-0.28174645883555377,51.56849622730522,69
177,-0.28814596519918007,51.58377621785761,34
177,-0.26425934412373525,51.58027809414327,66
177,-0.26799818864723884,51.57613227493069,60
177,-0.2913569279361354,51.560514554606556,36
177,-0.2865967590268429,51.5581504282524,38
177,-0.298068033673884,51.55627878847349,61
177,-0.29236782358915187,51.550742298403065,48
177,-0.2785522088825162,51.55269298577968,83
177,-0.3249548940465616,51.55216828808695,60
177,-0.3270409325439544,51.56504133165809,64
177,-0.2869064037914005,51.58984950575003,62
177,-0.22620643396619905,51.55345014512799,90
177,-0.20988634473726928,51.551744871977604,61
177,-0.22244508673888125,51.533916413047095,35
177,-0.21350304956962482,51.54049503921525,41
177,-0.22336359040556217,51.537966901254876,61
177,-0.229353295051634,51.54172304527367,69
177,-0.21490842125561863,51.54780102146387,74
177,-0.21841866319214012,51.54527659071349,53
177,-0.2663083407543726,51.54517308198142,34
177,-0.23638684846476246,51.53825327877811,56
177,-0.3308617997544825,51.55433970715307,57
177,-0.19143114684410215,51.53243490519028,73
177,-0.2506691078693769,51.5573131436804,49
178,-0.3042697144405188,51.57707442349527,60
178,-0.29041915101855775,51.5278071075179,36
178,-0.27541610349825923,51.54599792648679,64
178,-0.2617965662475973,51.57235145180291,70
178,-0.26694479090162193,51.5692236581569,72
178,-0.28385651137559925,51.584082122380906,43
178,-0.2854726924914883,51.58524891261891,56
178,-0.3282717154397249,51.56010299837397,54
178,-0.32642954479014447,51.55949614103749,33
178,-0.3263801172061964,51.563360684909135,72
178,-0.2889257843845557,51.56185997384445,35
178,-0.2945010399722934,51.564079455586366,63
178,-0.30917490881648735,51.55077963997524,34
178,-0.32473515053800706,51.553538189386124,71
178,-0.28857458113924594,51.58802414850994,55
178,-0.2934326355449748,51.587832672053516,31
178,-0.29565130616301144,51.59017437806592,61
178,-0.24371615325010712,51.557501875593374,25
178,-0.2302553240617033,51.56233679365086,37
178,-0.24453574655977545,51.559337194319,25
178,-0.2443208487670991,51.56008095507362,67
178,-0.20903688881251986,51.541895703275046,55
178,-0.21641350106222668,51.543823556418495,49
178,-0.22678358587719186,51.53942103845104,42
178,-0.24681724372098784,51.551845941857344,51
178,-0.24807342324420678,51.53878743137618,71
178,-0.23535843104672965,51.54437459110864,61
178,-0.2357745105393721,51.54681397384424,70
178,-0.2760613806291257,51.55235779885818,64
178,-0.2038245506953468,51.543291800347426,44
179,-0.3026626768398849,51.56790277460859,54
179,-0.30675137521537926,51.5792687947889,58
179,-0.28123467669496655,51.549277439431314,72
179,-0.2846422718152662,51.56913972475371,73
179,-0.30469437171175123,51.56099406270851,72
179,-0.2991221428889389,51.555816592877356,39
179,-0.3072655336091342,51.54943761762496,60
179,-0.30963517230911486,51.54897698406497,77
179,-0.2814037594813672,51.586898351653865,35
179,-0.2801560817623027,51.595850650726284,48
179,-0.26513117630061717,51.58867688143108,57
179,-0.26193397392770645,51.58304264532671,53
179,-0.25812105643734445,51.58551089759798,30
179,-0.2598092529157484,51.586239086436755,60
179,-0.21036885761723118,51.551841780183025,57
179,-0.22391208603943416,51.533736113954696,62
179,-0.22141404723687544,51.53350609973012,65
179,-0.22517187407781838,51.54328493104385,73
179,-0.21487974129127926,51.54748057329828,28
179,-0.22374949373220795,51.54513673422242,44
179,-0.24948251698727109,51.54780607504014,51
