Bor,844
Pochalla,159
Panyikang,38
Liang,0
Bor,844
Bor,844
Pajut,17
El-galhak,0
Malakal,3
Awarajwok,0
Bunj,0
Wadakona,0
Maban,0
Gadiang,13
Panyagor,60
Jalle,54
Renk,0
Kaljak,5
Nasir,2
Duk_Fadiat,31
Pentin,2
Dentoang,0
Owachi,2
Wau_Shilluk,3
Yuai,20
Ayod,15
Khor_Adar,2
Atar,2
Pieri,5
Pulchuol,4
Waat,3
Walgak,3
Gel_Achel,0
Kodok,0
Kaka,1
Doro,0
Makol_Cuei,100
Multhiang,0
Maiwut,0
Panyikang,38
Juba,0
Ikotos,0
Kapoeta_South,0
Budi,0
Ezo,0
Rumbek_North,0
Rubkona,0
Pochalla,159
Pochalla,159
Leer,0
Lafon,0
Mayendit,0
Pariang,0
Tambura,0
Kapoeta_East,0
Rumbek_East,0
Gogrial_East,0
Jur_River,0
Twic,0
Morobo,0
Panyijiar,0
Mundri_West,0
Mvolo,0
Aweil_East,0
Maridi,0
Terekeka,0
Magwi,0
Rumbek_Centre,0
Lainya,0
Yirol_West,0
Bor,844
Bor,844
Raja,0
Wau,0
Gogrial_West,0
Torit,0
Yambio,0
Cueibet,0
Mayom,0
Koch,0
Kajo-Keji,0
Yei,0
Mundri_East,0
