Bor,935
Pochalla,140
Panyikang,48
Liang,0
Bor,935
Bor,935
Pajut,12
El-galhak,0
Malakal,1
Awarajwok,0
Bunj,0
Wadakona,0
Maban,0
Gadiang,11
Panyagor,54
Jalle,67
Renk,0
Kaljak,5
Nasir,3
Duk_Fadiat,29
Pentin,2
Dentoang,0
Owachi,4
Wau_Shilluk,3
Yuai,16
Ayod,13
Khor_Adar,1
Atar,3
Pieri,3
Pulchuol,3
Waat,1
Walgak,5
Gel_Achel,1
Kodok,1
Kaka,0
Doro,0
Makol_Cuei,84
Multhiang,0
Maiwut,0
Panyikang,48
Juba,0
Ikotos,0
Kapoeta_South,0
Budi,0
Ezo,0
Rumbek_North,0
Rubkona,0
Pochalla,140
Pochalla,140
Leer,0
Lafon,0
Mayendit,0
Pariang,0
Tambura,0
Kapoeta_East,0
Rumbek_East,0
Gogrial_East,0
Jur_River,0
Twic,0
Morobo,0
Panyijiar,0
Mundri_West,0
Mvolo,0
Aweil_East,0
Maridi,0
Terekeka,0
Magwi,0
Rumbek_Centre,0
Lainya,0
Yirol_West,0
Bor,935
Bor,935
Raja,0
Wau,0
Gogrial_West,0
Torit,0
Yambio,0
Cueibet,0
Mayom,0
Koch,0
Kajo-Keji,0
Yei,0
Mundri_East,0
