Bor,836
Pochalla,169
Panyikang,55
Liang,0
Bor,836
Bor,836
Pajut,10
El-galhak,0
Malakal,3
Awarajwok,4
Bunj,0
Wadakona,0
Maban,0
Gadiang,14
Panyagor,41
Jalle,43
Renk,0
Kaljak,4
Nasir,3
Duk_Fadiat,24
Pentin,9
Dentoang,2
Owachi,3
Wau_Shilluk,4
Yuai,29
Ayod,13
Khor_Adar,3
Atar,4
Pieri,4
Pulchuol,7
Waat,0
Walgak,4
Gel_Achel,0
Kodok,0
Kaka,1
Doro,0
Makol_Cuei,84
Multhiang,1
Maiwut,0
Panyikang,55
Juba,0
Ikotos,0
Kapoeta_South,0
Budi,0
Ezo,0
Rumbek_North,0
Rubkona,0
Pochalla,169
Pochalla,169
Leer,0
Lafon,0
Mayendit,0
Pariang,0
Tambura,0
Kapoeta_East,0
Rumbek_East,0
Gogrial_East,0
Jur_River,0
Twic,0
Morobo,0
Panyijiar,0
Mundri_West,0
Mvolo,0
Aweil_East,0
Maridi,0
Terekeka,0
Magwi,0
Rumbek_Centre,0
Lainya,0
Yirol_West,0
Bor,836
Bor,836
Raja,0
Wau,0
Gogrial_West,0
Torit,0
Yambio,0
Cueibet,0
Mayom,0
Koch,0
Kajo-Keji,0
Yei,0
Mundri_East,0
