Bor,808
Pochalla,171
Panyikang,49
Liang,0
Bor,808
Bor,808
Pajut,17
El-galhak,0
Malakal,4
Awarajwok,2
Bunj,0
Wadakona,1
Maban,2
Gadiang,9
Panyagor,36
Jalle,63
Renk,0
Kaljak,1
Nasir,2
Duk_Fadiat,31
Pentin,2
Dentoang,0
Owachi,4
Wau_Shilluk,4
Yuai,15
Ayod,11
Khor_Adar,2
Atar,4
Pieri,6
Pulchuol,4
Waat,3
Walgak,4
Gel_Achel,3
Kodok,1
Kaka,1
Doro,0
Makol_Cuei,81
Multhiang,0
Maiwut,0
Panyikang,49
Juba,0
Ikotos,0
Kapoeta_South,0
Budi,0
Ezo,0
Rumbek_North,0
Rubkona,0
Pochalla,171
Pochalla,171
Leer,0
Lafon,0
Mayendit,0
Pariang,0
Tambura,0
Kapoeta_East,0
Rumbek_East,0
Gogrial_East,0
Jur_River,0
Twic,0
Morobo,0
Panyijiar,0
Mundri_West,0
Mvolo,0
Aweil_East,0
Maridi,0
Terekeka,0
Magwi,0
Rumbek_Centre,0
Lainya,0
Yirol_West,0
Bor,808
Bor,808
Raja,0
Wau,0
Gogrial_West,0
Torit,0
Yambio,0
Cueibet,0
Mayom,0
Koch,0
Kajo-Keji,0
Yei,0
Mundri_East,0
