Bor,726
Pochalla,161
Panyikang,59
Liang,0
Bor,726
Bor,726
Pajut,13
El-galhak,0
Malakal,3
Awarajwok,3
Bunj,0
Wadakona,1
Maban,0
Gadiang,12
Panyagor,44
Jalle,42
Renk,0
Kaljak,1
Nasir,2
Duk_Fadiat,18
Pentin,3
Dentoang,4
Owachi,5
Wau_Shilluk,6
Yuai,20
Ayod,10
Khor_Adar,1
Atar,1
Pieri,8
Pulchuol,4
Waat,0
Walgak,3
Gel_Achel,0
Kodok,1
Kaka,1
Doro,0
Makol_Cuei,70
Multhiang,0
Maiwut,0
Panyikang,59
Juba,0
Ikotos,0
Kapoeta_South,0
Budi,0
Ezo,0
Rumbek_North,0
Rubkona,0
Pochalla,161
Pochalla,161
Leer,0
Lafon,0
Mayendit,0
Pariang,0
Tambura,0
Kapoeta_East,0
Rumbek_East,0
Gogrial_East,0
Jur_River,0
Twic,0
Morobo,0
Panyijiar,0
Mundri_West,0
Mvolo,0
Aweil_East,0
Maridi,0
Terekeka,0
Magwi,0
Rumbek_Centre,0
Lainya,0
Yirol_West,0
Bor,726
Bor,726
Raja,0
Wau,0
Gogrial_West,0
Torit,0
Yambio,0
Cueibet,0
Mayom,0
Koch,0
Kajo-Keji,0
Yei,0
Mundri_East,0
