Bor,911
Pochalla,134
Panyikang,24
Liang,0
Bor,911
Bor,911
Pajut,18
El-galhak,0
Malakal,1
Awarajwok,4
Bunj,0
Wadakona,0
Maban,1
Gadiang,18
Panyagor,65
Jalle,68
Renk,0
Kaljak,6
Nasir,4
Duk_Fadiat,32
Pentin,3
Dentoang,0
Owachi,2
Wau_Shilluk,1
Yuai,22
Ayod,18
Khor_Adar,0
Atar,1
Pieri,6
Pulchuol,2
Waat,0
Walgak,3
Gel_Achel,2
Kodok,1
Kaka,0
Doro,0
Makol_Cuei,105
Multhiang,0
Maiwut,0
Panyikang,24
Juba,0
Ikotos,0
Kapoeta_South,0
Budi,0
Ezo,0
Rumbek_North,0
Rubkona,0
Pochalla,134
Pochalla,134
Leer,0
Lafon,0
Mayendit,0
Pariang,0
Tambura,0
Kapoeta_East,0
Rumbek_East,0
Gogrial_East,0
Jur_River,0
Twic,0
Morobo,0
Panyijiar,0
Mundri_West,0
Mvolo,0
Aweil_East,0
Maridi,0
Terekeka,0
Magwi,0
Rumbek_Centre,0
Lainya,0
Yirol_West,0
Bor,911
Bor,911
Raja,0
Wau,0
Gogrial_West,0
Torit,0
Yambio,0
Cueibet,0
Mayom,0
Koch,0
Kajo-Keji,0
Yei,0
Mundri_East,0
