Bor,951
Pochalla,141
Panyikang,20
Liang,0
Bor,951
Bor,951
Pajut,18
El-galhak,0
Malakal,2
Awarajwok,0
Bunj,0
Wadakona,0
Maban,0
Gadiang,12
Panyagor,57
Jalle,60
Renk,0
Kaljak,6
Nasir,3
Duk_Fadiat,34
Pentin,2
Dentoang,2
Owachi,0
Wau_Shilluk,1
Yuai,20
Ayod,8
Khor_Adar,1
Atar,3
Pieri,3
Pulchuol,9
Waat,0
Walgak,4
Gel_Achel,2
Kodok,1
Kaka,0
Doro,0
Makol_Cuei,105
Multhiang,0
Maiwut,0
Panyikang,20
Juba,0
Ikotos,0
Kapoeta_South,0
Budi,0
Ezo,0
Rumbek_North,0
Rubkona,0
Pochalla,141
Pochalla,141
Leer,0
Lafon,0
Mayendit,0
Pariang,0
Tambura,0
Kapoeta_East,0
Rumbek_East,0
Gogrial_East,0
Jur_River,0
Twic,0
Morobo,0
Panyijiar,0
Mundri_West,0
Mvolo,0
Aweil_East,0
Maridi,0
Terekeka,0
Magwi,0
Rumbek_Centre,0
Lainya,0
Yirol_West,0
Bor,951
Bor,951
Raja,0
Wau,0
Gogrial_West,0
Torit,0
Yambio,0
Cueibet,0
Mayom,0
Koch,0
Kajo-Keji,0
Yei,0
Mundri_East,0
