Bor,949
Pochalla,135
Panyikang,13
Liang,0
Bor,949
Bor,949
Pajut,17
El-galhak,0
Malakal,4
Awarajwok,2
Bunj,0
Wadakona,0
Maban,0
Gadiang,14
Panyagor,75
Jalle,54
Renk,1
Kaljak,6
Nasir,4
Duk_Fadiat,40
Pentin,2
Dentoang,1
Owachi,0
Wau_Shilluk,1
Yuai,27
Ayod,19
Khor_Adar,2
Atar,4
Pieri,8
Pulchuol,10
Waat,3
Walgak,3
Gel_Achel,4
Kodok,1
Kaka,1
Doro,0
Makol_Cuei,122
Multhiang,0
Maiwut,0
Panyikang,13
Juba,0
Ikotos,0
Kapoeta_South,0
Budi,0
Ezo,0
Rumbek_North,0
Rubkona,0
Pochalla,135
Pochalla,135
Leer,0
Lafon,0
Mayendit,0
Pariang,0
Tambura,0
Kapoeta_East,0
Rumbek_East,0
Gogrial_East,0
Jur_River,0
Twic,0
Morobo,0
Panyijiar,0
Mundri_West,0
Mvolo,0
Aweil_East,0
Maridi,0
Terekeka,0
Magwi,0
Rumbek_Centre,0
Lainya,0
Yirol_West,0
Bor,949
Bor,949
Raja,0
Wau,0
Gogrial_West,0
Torit,0
Yambio,0
Cueibet,0
Mayom,0
Koch,0
Kajo-Keji,0
Yei,0
Mundri_East,0
