Bor,599
Pochalla,163
Panyikang,58
Liang,0
Bor,599
Bor,599
Pajut,9
El-galhak,0
Malakal,3
Awarajwok,3
Bunj,0
Wadakona,0
Maban,0
Gadiang,8
Panyagor,41
Jalle,45
Renk,0
Kaljak,1
Nasir,7
Duk_Fadiat,27
Pentin,5
Dentoang,1
Owachi,4
Wau_Shilluk,4
Yuai,23
Ayod,8
Khor_Adar,1
Atar,4
Pieri,4
Pulchuol,2
Waat,2
Walgak,3
Gel_Achel,2
Kodok,1
Kaka,1
Doro,0
Makol_Cuei,61
Multhiang,0
Maiwut,0
Panyikang,58
Juba,0
Ikotos,0
Kapoeta_South,0
Budi,0
Ezo,0
Rumbek_North,0
Rubkona,0
Pochalla,163
Pochalla,163
Leer,0
Lafon,0
Mayendit,0
Pariang,0
Tambura,0
Kapoeta_East,0
Rumbek_East,0
Gogrial_East,0
Jur_River,0
Twic,0
Morobo,0
Panyijiar,0
Mundri_West,0
Mvolo,0
Aweil_East,0
Maridi,0
Terekeka,0
Magwi,0
Rumbek_Centre,0
Lainya,0
Yirol_West,0
Bor,599
Bor,599
Raja,0
Wau,0
Gogrial_West,0
Torit,0
Yambio,0
Cueibet,0
Mayom,0
Koch,0
Kajo-Keji,0
Yei,0
Mundri_East,0
