Bor,836
Pochalla,156
Panyikang,45
Liang,0
Bor,836
Bor,836
Pajut,30
El-galhak,0
Malakal,1
Awarajwok,7
Bunj,0
Wadakona,2
Maban,0
Gadiang,11
Panyagor,45
Jalle,60
Renk,0
Kaljak,6
Nasir,1
Duk_Fadiat,29
Pentin,4
Dentoang,2
Owachi,2
Wau_Shilluk,3
Yuai,15
Ayod,16
Khor_Adar,1
Atar,2
Pieri,4
Pulchuol,3
Waat,2
Walgak,5
Gel_Achel,2
Kodok,2
Kaka,1
Doro,0
Makol_Cuei,90
Multhiang,0
Maiwut,0
Panyikang,45
Juba,0
Ikotos,0
Kapoeta_South,0
Budi,0
Ezo,0
Rumbek_North,0
Rubkona,0
Pochalla,156
Pochalla,156
Leer,0
Lafon,0
Mayendit,0
Pariang,0
Tambura,0
Kapoeta_East,0
Rumbek_East,0
Gogrial_East,0
Jur_River,0
Twic,0
Morobo,0
Panyijiar,0
Mundri_West,0
Mvolo,0
Aweil_East,0
Maridi,0
Terekeka,0
Magwi,0
Rumbek_Centre,0
Lainya,0
Yirol_West,0
Bor,836
Bor,836
Raja,0
Wau,0
Gogrial_West,0
Torit,0
Yambio,0
Cueibet,0
Mayom,0
Koch,0
Kajo-Keji,0
Yei,0
Mundri_East,0
