Bor,604
Pochalla,137
Panyikang,60
Liang,0
Bor,604
Bor,604
Pajut,18
El-galhak,1
Malakal,1
Awarajwok,5
Bunj,0
Wadakona,1
Maban,0
Gadiang,12
Panyagor,47
Jalle,44
Renk,0
Kaljak,6
Nasir,6
Duk_Fadiat,34
Pentin,2
Dentoang,2
Owachi,1
Wau_Shilluk,5
Yuai,11
Ayod,10
Khor_Adar,0
Atar,3
Pieri,3
Pulchuol,3
Waat,1
Walgak,6
Gel_Achel,2
Kodok,5
Kaka,2
Doro,0
Makol_Cuei,57
Multhiang,0
Maiwut,0
Panyikang,60
Juba,0
Ikotos,0
Kapoeta_South,0
Budi,0
Ezo,0
Rumbek_North,0
Rubkona,0
Pochalla,137
Pochalla,137
Leer,0
Lafon,0
Mayendit,0
Pariang,0
Tambura,0
Kapoeta_East,0
Rumbek_East,0
Gogrial_East,0
Jur_River,0
Twic,0
Morobo,0
Panyijiar,0
Mundri_West,0
Mvolo,0
Aweil_East,0
Maridi,0
Terekeka,0
Magwi,0
Rumbek_Centre,0
Lainya,0
Yirol_West,0
Bor,604
Bor,604
Raja,0
Wau,0
Gogrial_West,0
Torit,0
Yambio,0
Cueibet,0
Mayom,0
Koch,0
Kajo-Keji,0
Yei,0
Mundri_East,0
