Bor,960
Pochalla,155
Panyikang,34
Liang,0
Bor,960
Bor,960
Pajut,24
El-galhak,0
Malakal,3
Awarajwok,1
Bunj,0
Wadakona,0
Maban,0
Gadiang,12
Panyagor,61
Jalle,69
Renk,0
Kaljak,3
Nasir,0
Duk_Fadiat,29
Pentin,2
Dentoang,1
Owachi,1
Wau_Shilluk,3
Yuai,20
Ayod,22
Khor_Adar,2
Atar,4
Pieri,6
Pulchuol,10
Waat,0
Walgak,1
Gel_Achel,0
Kodok,1
Kaka,0
Doro,0
Makol_Cuei,101
Multhiang,0
Maiwut,0
Panyikang,34
Juba,0
Ikotos,0
Kapoeta_South,0
Budi,0
Ezo,0
Rumbek_North,0
Rubkona,0
Pochalla,155
Pochalla,155
Leer,0
Lafon,0
Mayendit,0
Pariang,0
Tambura,0
Kapoeta_East,0
Rumbek_East,0
Gogrial_East,0
Jur_River,0
Twic,0
Morobo,0
Panyijiar,0
Mundri_West,0
Mvolo,0
Aweil_East,0
Maridi,0
Terekeka,0
Magwi,0
Rumbek_Centre,0
Lainya,0
Yirol_West,0
Bor,960
Bor,960
Raja,0
Wau,0
Gogrial_West,0
Torit,0
Yambio,0
Cueibet,0
Mayom,0
Koch,0
Kajo-Keji,0
Yei,0
Mundri_East,0
