Bor,1049
Pochalla,173
Panyikang,23
Liang,0
Bor,1049
Bor,1049
Pajut,16
El-galhak,0
Malakal,3
Awarajwok,1
Bunj,0
Wadakona,0
Maban,0
Gadiang,22
Panyagor,66
Jalle,70
Renk,0
Kaljak,7
Nasir,2
Duk_Fadiat,39
Pentin,9
Dentoang,0
Owachi,1
Wau_Shilluk,0
Yuai,28
Ayod,9
Khor_Adar,2
Atar,4
Pieri,8
Pulchuol,6
Waat,3
Walgak,2
Gel_Achel,1
Kodok,0
Kaka,0
Doro,0
Makol_Cuei,113
Multhiang,0
Maiwut,0
Panyikang,23
Juba,0
Ikotos,0
Kapoeta_South,0
Budi,0
Ezo,0
Rumbek_North,0
Rubkona,0
Pochalla,173
Pochalla,173
Leer,0
Lafon,0
Mayendit,0
Pariang,0
Tambura,0
Kapoeta_East,0
Rumbek_East,0
Gogrial_East,0
Jur_River,0
Twic,0
Morobo,0
Panyijiar,0
Mundri_West,0
Mvolo,0
Aweil_East,0
Maridi,0
Terekeka,0
Magwi,0
Rumbek_Centre,0
Lainya,0
Yirol_West,0
Bor,1049
Bor,1049
Raja,0
Wau,0
Gogrial_West,0
Torit,0
Yambio,0
Cueibet,0
Mayom,0
Koch,0
Kajo-Keji,0
Yei,0
Mundri_East,0
