Bor,937
Pochalla,128
Panyikang,20
Liang,0
Bor,937
Bor,937
Pajut,16
El-galhak,0
Malakal,4
Awarajwok,1
Bunj,0
Wadakona,0
Maban,0
Gadiang,5
Panyagor,50
Jalle,63
Renk,0
Kaljak,3
Nasir,4
Duk_Fadiat,41
Pentin,5
Dentoang,0
Owachi,2
Wau_Shilluk,2
Yuai,33
Ayod,16
Khor_Adar,0
Atar,1
Pieri,7
Pulchuol,4
Waat,0
Walgak,4
Gel_Achel,0
Kodok,2
Kaka,0
Doro,0
Makol_Cuei,115
Multhiang,1
Maiwut,0
Panyikang,20
Juba,0
Ikotos,0
Kapoeta_South,0
Budi,0
Ezo,0
Rumbek_North,0
Rubkona,0
Pochalla,128
Pochalla,128
Leer,0
Lafon,0
Mayendit,0
Pariang,0
Tambura,0
Kapoeta_East,0
Rumbek_East,0
Gogrial_East,0
Jur_River,0
Twic,0
Morobo,0
Panyijiar,0
Mundri_West,0
Mvolo,0
Aweil_East,0
Maridi,0
Terekeka,0
Magwi,0
Rumbek_Centre,0
Lainya,0
Yirol_West,0
Bor,937
Bor,937
Raja,0
Wau,0
Gogrial_West,0
Torit,0
Yambio,0
Cueibet,0
Mayom,0
Koch,0
Kajo-Keji,0
Yei,0
Mundri_East,0
