Bor,694
Pochalla,162
Panyikang,53
Liang,0
Bor,694
Bor,694
Pajut,12
El-galhak,0
Malakal,3
Awarajwok,3
Bunj,0
Wadakona,0
Maban,1
Gadiang,9
Panyagor,41
Jalle,49
Renk,0
Kaljak,2
Nasir,4
Duk_Fadiat,25
Pentin,5
Dentoang,3
Owachi,1
Wau_Shilluk,8
Yuai,14
Ayod,11
Khor_Adar,1
Atar,2
Pieri,5
Pulchuol,1
Waat,0
Walgak,4
Gel_Achel,1
Kodok,2
Kaka,1
Doro,0
Makol_Cuei,60
Multhiang,0
Maiwut,0
Panyikang,53
Juba,0
Ikotos,0
Kapoeta_South,0
Budi,0
Ezo,0
Rumbek_North,0
Rubkona,0
Pochalla,162
Pochalla,162
Leer,0
Lafon,0
Mayendit,0
Pariang,0
Tambura,0
Kapoeta_East,0
Rumbek_East,0
Gogrial_East,0
Jur_River,0
Twic,0
Morobo,0
Panyijiar,0
Mundri_West,0
Mvolo,0
Aweil_East,0
Maridi,0
Terekeka,0
Magwi,0
Rumbek_Centre,0
Lainya,0
Yirol_West,0
Bor,694
Bor,694
Raja,0
Wau,0
Gogrial_West,0
Torit,0
Yambio,0
Cueibet,0
Mayom,0
Koch,0
Kajo-Keji,0
Yei,0
Mundri_East,0
