Bor,787
Pochalla,22
Panyikang,0
Liang,0
Bor,787
Bor,787
Pajut,9
El-galhak,0
Malakal,0
Awarajwok,0
Bunj,0
Wadakona,0
Maban,0
Gadiang,4
Panyagor,58
Jalle,51
Renk,0
Kaljak,2
Nasir,0
Duk_Fadiat,23
Pentin,0
Dentoang,0
Owachi,1
Wau_Shilluk,0
Yuai,8
Ayod,8
Khor_Adar,0
Atar,0
Pieri,1
Pulchuol,6
Waat,0
Walgak,5
Gel_Achel,0
Kodok,0
Kaka,0
Doro,0
Makol_Cuei,100
Multhiang,0
Maiwut,0
Panyikang,0
Juba,0
Ikotos,0
Kapoeta_South,0
Budi,0
Ezo,0
Rumbek_North,0
Rubkona,0
Pochalla,22
Pochalla,22
Leer,0
Lafon,0
Mayendit,0
Pariang,0
Tambura,0
Kapoeta_East,0
Rumbek_East,0
Gogrial_East,0
Jur_River,0
Twic,0
Morobo,0
Panyijiar,0
Mundri_West,0
Mvolo,0
Aweil_East,0
Maridi,0
Terekeka,0
Magwi,0
Rumbek_Centre,0
Lainya,0
Yirol_West,0
Bor,787
Bor,787
Raja,0
Wau,0
Gogrial_West,0
Torit,0
Yambio,0
Cueibet,0
Mayom,0
Koch,0
Kajo-Keji,0
Yei,0
Mundri_East,0
