Bor,1136
Pochalla,143
Panyikang,8
Liang,0
Bor,1136
Bor,1136
Pajut,23
El-galhak,1
Malakal,0
Awarajwok,0
Bunj,0
Wadakona,0
Maban,0
Gadiang,14
Panyagor,80
Jalle,74
Renk,0
Kaljak,5
Nasir,2
Duk_Fadiat,52
Pentin,2
Dentoang,0
Owachi,0
Wau_Shilluk,2
Yuai,22
Ayod,12
Khor_Adar,0
Atar,6
Pieri,4
Pulchuol,3
Waat,3
Walgak,5
Gel_Achel,1
Kodok,2
Kaka,0
Doro,0
Makol_Cuei,144
Multhiang,0
Maiwut,0
Panyikang,8
Juba,0
Ikotos,0
Kapoeta_South,0
Budi,0
Ezo,0
Rumbek_North,0
Rubkona,0
Pochalla,143
Pochalla,143
Leer,0
Lafon,0
Mayendit,0
Pariang,0
Tambura,0
Kapoeta_East,0
Rumbek_East,0
Gogrial_East,0
Jur_River,0
Twic,0
Morobo,0
Panyijiar,0
Mundri_West,0
Mvolo,0
Aweil_East,0
Maridi,0
Terekeka,0
Magwi,0
Rumbek_Centre,0
Lainya,0
Yirol_West,0
Bor,1136
Bor,1136
Raja,0
Wau,0
Gogrial_West,0
Torit,0
Yambio,0
Cueibet,0
Mayom,0
Koch,0
Kajo-Keji,0
Yei,0
Mundri_East,0
