Bor,646
Pochalla,147
Panyikang,60
Liang,0
Bor,646
Bor,646
Pajut,10
El-galhak,0
Malakal,5
Awarajwok,7
Bunj,0
Wadakona,0
Maban,1
Gadiang,13
Panyagor,37
Jalle,40
Renk,0
Kaljak,2
Nasir,1
Duk_Fadiat,18
Pentin,3
Dentoang,0
Owachi,3
Wau_Shilluk,6
Yuai,25
Ayod,16
Khor_Adar,2
Atar,4
Pieri,5
Pulchuol,6
Waat,1
Walgak,3
Gel_Achel,0
Kodok,5
Kaka,2
Doro,0
Makol_Cuei,62
Multhiang,0
Maiwut,0
Panyikang,60
Juba,0
Ikotos,0
Kapoeta_South,0
Budi,0
Ezo,0
Rumbek_North,0
Rubkona,0
Pochalla,147
Pochalla,147
Leer,0
Lafon,0
Mayendit,0
Pariang,0
Tambura,0
Kapoeta_East,0
Rumbek_East,0
Gogrial_East,0
Jur_River,0
Twic,0
Morobo,0
Panyijiar,0
Mundri_West,0
Mvolo,0
Aweil_East,0
Maridi,0
Terekeka,0
Magwi,0
Rumbek_Centre,0
Lainya,0
Yirol_West,0
Bor,646
Bor,646
Raja,0
Wau,0
Gogrial_West,0
Torit,0
Yambio,0
Cueibet,0
Mayom,0
Koch,0
Kajo-Keji,0
Yei,0
Mundri_East,0
