Bor,853
Pochalla,179
Panyikang,54
Liang,0
Bor,853
Bor,853
Pajut,16
El-galhak,0
Malakal,4
Awarajwok,1
Bunj,0
Wadakona,0
Maban,0
Gadiang,13
Panyagor,46
Jalle,56
Renk,0
Kaljak,3
Nasir,4
Duk_Fadiat,27
Pentin,4
Dentoang,1
Owachi,4
Wau_Shilluk,0
Yuai,11
Ayod,12
Khor_Adar,1
Atar,4
Pieri,4
Pulchuol,7
Waat,1
Walgak,2
Gel_Achel,3
Kodok,1
Kaka,0
Doro,0
Makol_Cuei,88
Multhiang,0
Maiwut,0
Panyikang,54
Juba,0
Ikotos,0
Kapoeta_South,0
Budi,0
Ezo,0
Rumbek_North,0
Rubkona,0
Pochalla,179
Pochalla,179
Leer,0
Lafon,0
Mayendit,0
Pariang,0
Tambura,0
Kapoeta_East,0
Rumbek_East,0
Gogrial_East,0
Jur_River,0
Twic,0
Morobo,0
Panyijiar,0
Mundri_West,0
Mvolo,0
Aweil_East,0
Maridi,0
Terekeka,0
Magwi,0
Rumbek_Centre,0
Lainya,0
Yirol_West,0
Bor,853
Bor,853
Raja,0
Wau,0
Gogrial_West,0
Torit,0
Yambio,0
Cueibet,0
Mayom,0
Koch,0
Kajo-Keji,0
Yei,0
Mundri_East,0
