Bor,1079
Pochalla,138
Panyikang,19
Liang,0
Bor,1079
Bor,1079
Pajut,21
El-galhak,0
Malakal,3
Awarajwok,0
Bunj,0
Wadakona,0
Maban,0
Gadiang,11
Panyagor,82
Jalle,75
Renk,1
Kaljak,3
Nasir,2
Duk_Fadiat,34
Pentin,3
Dentoang,0
Owachi,3
Wau_Shilluk,2
Yuai,23
Ayod,17
Khor_Adar,0
Atar,1
Pieri,6
Pulchuol,6
Waat,2
Walgak,11
Gel_Achel,0
Kodok,0
Kaka,0
Doro,0
Makol_Cuei,109
Multhiang,0
Maiwut,0
Panyikang,19
Juba,0
Ikotos,0
Kapoeta_South,0
Budi,0
Ezo,0
Rumbek_North,0
Rubkona,0
Pochalla,138
Pochalla,138
Leer,0
Lafon,0
Mayendit,0
Pariang,0
Tambura,0
Kapoeta_East,0
Rumbek_East,0
Gogrial_East,0
Jur_River,0
Twic,0
Morobo,0
Panyijiar,0
Mundri_West,0
Mvolo,0
Aweil_East,0
Maridi,0
Terekeka,0
Magwi,0
Rumbek_Centre,0
Lainya,0
Yirol_West,0
Bor,1079
Bor,1079
Raja,0
Wau,0
Gogrial_West,0
Torit,0
Yambio,0
Cueibet,0
Mayom,0
Koch,0
Kajo-Keji,0
Yei,0
Mundri_East,0
