Bor,586
Pochalla,122
Panyikang,60
Liang,0
Bor,586
Bor,586
Pajut,19
El-galhak,1
Malakal,3
Awarajwok,3
Bunj,0
Wadakona,2
Maban,0
Gadiang,5
Panyagor,39
Jalle,42
Renk,0
Kaljak,5
Nasir,5
Duk_Fadiat,28
Pentin,1
Dentoang,2
Owachi,3
Wau_Shilluk,6
Yuai,21
Ayod,11
Khor_Adar,2
Atar,2
Pieri,3
Pulchuol,5
Waat,1
Walgak,4
Gel_Achel,0
Kodok,5
Kaka,0
Doro,0
Makol_Cuei,60
Multhiang,0
Maiwut,0
Panyikang,60
Juba,0
Ikotos,0
Kapoeta_South,0
Budi,0
Ezo,0
Rumbek_North,0
Rubkona,0
Pochalla,122
Pochalla,122
Leer,0
Lafon,0
Mayendit,0
Pariang,0
Tambura,0
Kapoeta_East,0
Rumbek_East,0
Gogrial_East,0
Jur_River,0
Twic,0
Morobo,0
Panyijiar,0
Mundri_West,0
Mvolo,0
Aweil_East,0
Maridi,0
Terekeka,0
Magwi,0
Rumbek_Centre,0
Lainya,0
Yirol_West,0
Bor,586
Bor,586
Raja,0
Wau,0
Gogrial_West,0
Torit,0
Yambio,0
Cueibet,0
Mayom,0
Koch,0
Kajo-Keji,0
Yei,0
Mundri_East,0
