Bor,783
Pochalla,178
Panyikang,52
Liang,0
Bor,783
Bor,783
Pajut,16
El-galhak,1
Malakal,3
Awarajwok,1
Bunj,0
Wadakona,0
Maban,0
Gadiang,8
Panyagor,38
Jalle,47
Renk,0
Kaljak,5
Nasir,2
Duk_Fadiat,24
Pentin,1
Dentoang,1
Owachi,0
Wau_Shilluk,5
Yuai,22
Ayod,5
Khor_Adar,2
Atar,2
Pieri,4
Pulchuol,7
Waat,0
Walgak,3
Gel_Achel,1
Kodok,0
Kaka,2
Doro,0
Makol_Cuei,94
Multhiang,0
Maiwut,0
Panyikang,52
Juba,0
Ikotos,0
Kapoeta_South,0
Budi,0
Ezo,0
Rumbek_North,0
Rubkona,0
Pochalla,178
Pochalla,178
Leer,0
Lafon,0
Mayendit,0
Pariang,0
Tambura,0
Kapoeta_East,0
Rumbek_East,0
Gogrial_East,0
Jur_River,0
Twic,0
Morobo,0
Panyijiar,0
Mundri_West,0
Mvolo,0
Aweil_East,0
Maridi,0
Terekeka,0
Magwi,0
Rumbek_Centre,0
Lainya,0
Yirol_West,0
Bor,783
Bor,783
Raja,0
Wau,0
Gogrial_West,0
Torit,0
Yambio,0
Cueibet,0
Mayom,0
Koch,0
Kajo-Keji,0
Yei,0
Mundri_East,0
