Bor,836
Pochalla,182
Panyikang,43
Liang,0
Bor,836
Bor,836
Pajut,16
El-galhak,0
Malakal,2
Awarajwok,3
Bunj,0
Wadakona,0
Maban,0
Gadiang,10
Panyagor,46
Jalle,60
Renk,0
Kaljak,2
Nasir,0
Duk_Fadiat,27
Pentin,7
Dentoang,1
Owachi,5
Wau_Shilluk,6
Yuai,16
Ayod,12
Khor_Adar,2
Atar,2
Pieri,3
Pulchuol,4
Waat,2
Walgak,5
Gel_Achel,4
Kodok,4
Kaka,1
Doro,0
Makol_Cuei,87
Multhiang,1
Maiwut,0
Panyikang,43
Juba,0
Ikotos,0
Kapoeta_South,0
Budi,0
Ezo,0
Rumbek_North,0
Rubkona,0
Pochalla,182
Pochalla,182
Leer,0
Lafon,0
Mayendit,0
Pariang,0
Tambura,0
Kapoeta_East,0
Rumbek_East,0
Gogrial_East,0
Jur_River,0
Twic,0
Morobo,0
Panyijiar,0
Mundri_West,0
Mvolo,0
Aweil_East,0
Maridi,0
Terekeka,0
Magwi,0
Rumbek_Centre,0
Lainya,0
Yirol_West,0
Bor,836
Bor,836
Raja,0
Wau,0
Gogrial_West,0
Torit,0
Yambio,0
Cueibet,0
Mayom,0
Koch,0
Kajo-Keji,0
Yei,0
Mundri_East,0
