Bor,880
Pochalla,172
Panyikang,44
Liang,0
Bor,880
Bor,880
Pajut,17
El-galhak,1
Malakal,4
Awarajwok,2
Bunj,0
Wadakona,0
Maban,0
Gadiang,16
Panyagor,42
Jalle,47
Renk,0
Kaljak,2
Nasir,2
Duk_Fadiat,26
Pentin,8
Dentoang,3
Owachi,3
Wau_Shilluk,3
Yuai,17
Ayod,7
Khor_Adar,0
Atar,1
Pieri,4
Pulchuol,5
Waat,1
Walgak,5
Gel_Achel,0
Kodok,2
Kaka,1
Doro,0
Makol_Cuei,94
Multhiang,1
Maiwut,0
Panyikang,44
Juba,0
Ikotos,0
Kapoeta_South,0
Budi,0
Ezo,0
Rumbek_North,0
Rubkona,0
Pochalla,172
Pochalla,172
Leer,0
Lafon,0
Mayendit,0
Pariang,0
Tambura,0
Kapoeta_East,0
Rumbek_East,0
Gogrial_East,0
Jur_River,0
Twic,0
Morobo,0
Panyijiar,0
Mundri_West,0
Mvolo,0
Aweil_East,0
Maridi,0
Terekeka,0
Magwi,0
Rumbek_Centre,0
Lainya,0
Yirol_West,0
Bor,880
Bor,880
Raja,0
Wau,0
Gogrial_West,0
Torit,0
Yambio,0
Cueibet,0
Mayom,0
Koch,0
Kajo-Keji,0
Yei,0
Mundri_East,0
