Bor,916
Pochalla,149
Panyikang,47
Liang,0
Bor,916
Bor,916
Pajut,12
El-galhak,0
Malakal,5
Awarajwok,2
Bunj,0
Wadakona,0
Maban,0
Gadiang,10
Panyagor,54
Jalle,45
Renk,0
Kaljak,5
Nasir,2
Duk_Fadiat,49
Pentin,4
Dentoang,0
Owachi,2
Wau_Shilluk,5
Yuai,22
Ayod,9
Khor_Adar,2
Atar,2
Pieri,4
Pulchuol,3
Waat,0
Walgak,3
Gel_Achel,3
Kodok,3
Kaka,0
Doro,0
Makol_Cuei,101
Multhiang,1
Maiwut,0
Panyikang,47
Juba,0
Ikotos,0
Kapoeta_South,0
Budi,0
Ezo,0
Rumbek_North,0
Rubkona,0
Pochalla,149
Pochalla,149
Leer,0
Lafon,0
Mayendit,0
Pariang,0
Tambura,0
Kapoeta_East,0
Rumbek_East,0
Gogrial_East,0
Jur_River,0
Twic,0
Morobo,0
Panyijiar,0
Mundri_West,0
Mvolo,0
Aweil_East,0
Maridi,0
Terekeka,0
Magwi,0
Rumbek_Centre,0
Lainya,0
Yirol_West,0
Bor,916
Bor,916
Raja,0
Wau,0
Gogrial_West,0
Torit,0
Yambio,0
Cueibet,0
Mayom,0
Koch,0
Kajo-Keji,0
Yei,0
Mundri_East,0
