Bor,1183
Pochalla,142
Panyikang,6
Liang,0
Bor,1183
Bor,1183
Pajut,24
El-galhak,0
Malakal,0
Awarajwok,0
Bunj,0
Wadakona,0
Maban,0
Gadiang,3
Panyagor,70
Jalle,73
Renk,0
Kaljak,6
Nasir,1
Duk_Fadiat,45
Pentin,6
Dentoang,0
Owachi,1
Wau_Shilluk,1
Yuai,35
Ayod,10
Khor_Adar,0
Atar,0
Pieri,9
Pulchuol,4
Waat,0
Walgak,5
Gel_Achel,1
Kodok,0
Kaka,1
Doro,0
Makol_Cuei,120
Multhiang,0
Maiwut,0
Panyikang,6
Juba,0
Ikotos,0
Kapoeta_South,0
Budi,0
Ezo,0
Rumbek_North,0
Rubkona,0
Pochalla,142
Pochalla,142
Leer,0
Lafon,0
Mayendit,0
Pariang,0
Tambura,0
Kapoeta_East,0
Rumbek_East,0
Gogrial_East,0
Jur_River,0
Twic,0
Morobo,0
Panyijiar,0
Mundri_West,0
Mvolo,0
Aweil_East,0
Maridi,0
Terekeka,0
Magwi,0
Rumbek_Centre,0
Lainya,0
Yirol_West,0
Bor,1183
Bor,1183
Raja,0
Wau,0
Gogrial_West,0
Torit,0
Yambio,0
Cueibet,0
Mayom,0
Koch,0
Kajo-Keji,0
Yei,0
Mundri_East,0
