Bor,689
Pochalla,155
Panyikang,63
Liang,0
Bor,689
Bor,689
Pajut,17
El-galhak,0
Malakal,3
Awarajwok,3
Bunj,0
Wadakona,1
Maban,0
Gadiang,12
Panyagor,30
Jalle,51
Renk,0
Kaljak,4
Nasir,1
Duk_Fadiat,26
Pentin,5
Dentoang,1
Owachi,1
Wau_Shilluk,0
Yuai,25
Ayod,9
Khor_Adar,3
Atar,4
Pieri,1
Pulchuol,4
Waat,2
Walgak,3
Gel_Achel,1
Kodok,1
Kaka,0
Doro,2
Makol_Cuei,85
Multhiang,0
Maiwut,0
Panyikang,63
Juba,0
Ikotos,0
Kapoeta_South,0
Budi,0
Ezo,0
Rumbek_North,0
Rubkona,0
Pochalla,155
Pochalla,155
Leer,0
Lafon,0
Mayendit,0
Pariang,0
Tambura,0
Kapoeta_East,0
Rumbek_East,0
Gogrial_East,0
Jur_River,0
Twic,0
Morobo,0
Panyijiar,0
Mundri_West,0
Mvolo,0
Aweil_East,0
Maridi,0
Terekeka,0
Magwi,0
Rumbek_Centre,0
Lainya,0
Yirol_West,0
Bor,689
Bor,689
Raja,0
Wau,0
Gogrial_West,0
Torit,0
Yambio,0
Cueibet,0
Mayom,0
Koch,0
Kajo-Keji,0
Yei,0
Mundri_East,0
