Bor,1231
Pochalla,110
Panyikang,9
Liang,0
Bor,1231
Bor,1231
Pajut,20
El-galhak,0
Malakal,1
Awarajwok,0
Bunj,0
Wadakona,0
Maban,0
Gadiang,10
Panyagor,85
Jalle,79
Renk,0
Kaljak,7
Nasir,3
Duk_Fadiat,58
Pentin,3
Dentoang,1
Owachi,1
Wau_Shilluk,2
Yuai,23
Ayod,14
Khor_Adar,0
Atar,2
Pieri,4
Pulchuol,12
Waat,2
Walgak,3
Gel_Achel,0
Kodok,0
Kaka,1
Doro,0
Makol_Cuei,145
Multhiang,0
Maiwut,0
Panyikang,9
Juba,0
Ikotos,0
Kapoeta_South,0
Budi,0
Ezo,0
Rumbek_North,0
Rubkona,0
Pochalla,110
Pochalla,110
Leer,0
Lafon,0
Mayendit,0
Pariang,0
Tambura,0
Kapoeta_East,0
Rumbek_East,0
Gogrial_East,0
Jur_River,0
Twic,0
Morobo,0
Panyijiar,0
Mundri_West,0
Mvolo,0
Aweil_East,0
Maridi,0
Terekeka,0
Magwi,0
Rumbek_Centre,0
Lainya,0
Yirol_West,0
Bor,1231
Bor,1231
Raja,0
Wau,0
Gogrial_West,0
Torit,0
Yambio,0
Cueibet,0
Mayom,0
Koch,0
Kajo-Keji,0
Yei,0
Mundri_East,0
