Bor,956
Pochalla,156
Panyikang,27
Liang,0
Bor,956
Bor,956
Pajut,15
El-galhak,0
Malakal,0
Awarajwok,2
Bunj,0
Wadakona,0
Maban,0
Gadiang,14
Panyagor,66
Jalle,82
Renk,0
Kaljak,8
Nasir,1
Duk_Fadiat,35
Pentin,5
Dentoang,0
Owachi,1
Wau_Shilluk,5
Yuai,26
Ayod,19
Khor_Adar,1
Atar,2
Pieri,3
Pulchuol,8
Waat,0
Walgak,6
Gel_Achel,0
Kodok,2
Kaka,0
Doro,0
Makol_Cuei,100
Multhiang,0
Maiwut,0
Panyikang,27
Juba,0
Ikotos,0
Kapoeta_South,0
Budi,0
Ezo,0
Rumbek_North,0
Rubkona,0
Pochalla,156
Pochalla,156
Leer,0
Lafon,0
Mayendit,0
Pariang,0
Tambura,0
Kapoeta_East,0
Rumbek_East,0
Gogrial_East,0
Jur_River,0
Twic,0
Morobo,0
Panyijiar,0
Mundri_West,0
Mvolo,0
Aweil_East,0
Maridi,0
Terekeka,0
Magwi,0
Rumbek_Centre,0
Lainya,0
Yirol_West,0
Bor,956
Bor,956
Raja,0
Wau,0
Gogrial_West,0
Torit,0
Yambio,0
Cueibet,0
Mayom,0
Koch,0
Kajo-Keji,0
Yei,0
Mundri_East,0
