Bor,785
Pochalla,169
Panyikang,64
Liang,0
Bor,785
Bor,785
Pajut,15
El-galhak,0
Malakal,3
Awarajwok,3
Bunj,0
Wadakona,1
Maban,0
Gadiang,11
Panyagor,44
Jalle,41
Renk,1
Kaljak,2
Nasir,0
Duk_Fadiat,31
Pentin,7
Dentoang,1
Owachi,2
Wau_Shilluk,2
Yuai,22
Ayod,6
Khor_Adar,0
Atar,2
Pieri,3
Pulchuol,5
Waat,1
Walgak,3
Gel_Achel,1
Kodok,1
Kaka,2
Doro,0
Makol_Cuei,87
Multhiang,1
Maiwut,0
Panyikang,64
Juba,0
Ikotos,0
Kapoeta_South,0
Budi,0
Ezo,0
Rumbek_North,0
Rubkona,0
Pochalla,169
Pochalla,169
Leer,0
Lafon,0
Mayendit,0
Pariang,0
Tambura,0
Kapoeta_East,0
Rumbek_East,0
Gogrial_East,0
Jur_River,0
Twic,0
Morobo,0
Panyijiar,0
Mundri_West,0
Mvolo,0
Aweil_East,0
Maridi,0
Terekeka,0
Magwi,0
Rumbek_Centre,0
Lainya,0
Yirol_West,0
Bor,785
Bor,785
Raja,0
Wau,0
Gogrial_West,0
Torit,0
Yambio,0
Cueibet,0
Mayom,0
Koch,0
Kajo-Keji,0
Yei,0
Mundri_East,0
