Bor,1197
Pochalla,87
Panyikang,2
Liang,0
Bor,1197
Bor,1197
Pajut,17
El-galhak,0
Malakal,2
Awarajwok,1
Bunj,0
Wadakona,0
Maban,0
Gadiang,16
Panyagor,72
Jalle,76
Renk,0
Kaljak,2
Nasir,0
Duk_Fadiat,34
Pentin,1
Dentoang,0
Owachi,0
Wau_Shilluk,1
Yuai,18
Ayod,12
Khor_Adar,0
Atar,2
Pieri,3
Pulchuol,5
Waat,0
Walgak,2
Gel_Achel,0
Kodok,0
Kaka,0
Doro,0
Makol_Cuei,132
Multhiang,0
Maiwut,0
Panyikang,2
Juba,0
Ikotos,0
Kapoeta_South,0
Budi,0
Ezo,0
Rumbek_North,0
Rubkona,0
Pochalla,87
Pochalla,87
Leer,0
Lafon,0
Mayendit,0
Pariang,0
Tambura,0
Kapoeta_East,0
Rumbek_East,0
Gogrial_East,0
Jur_River,0
Twic,0
Morobo,0
Panyijiar,0
Mundri_West,0
Mvolo,0
Aweil_East,0
Maridi,0
Terekeka,0
Magwi,0
Rumbek_Centre,0
Lainya,0
Yirol_West,0
Bor,1197
Bor,1197
Raja,0
Wau,0
Gogrial_West,0
Torit,0
Yambio,0
Cueibet,0
Mayom,0
Koch,0
Kajo-Keji,0
Yei,0
Mundri_East,0
