Bor,691
Pochalla,11
Panyikang,0
Liang,0
Bor,691
Bor,691
Pajut,10
El-galhak,0
Malakal,0
Awarajwok,0
Bunj,0
Wadakona,0
Maban,0
Gadiang,6
Panyagor,48
Jalle,46
Renk,0
Kaljak,0
Nasir,1
Duk_Fadiat,22
Pentin,0
Dentoang,0
Owachi,0
Wau_Shilluk,0
Yuai,13
Ayod,7
Khor_Adar,0
Atar,0
Pieri,2
Pulchuol,6
Waat,0
Walgak,1
Gel_Achel,1
Kodok,0
Kaka,0
Doro,0
Makol_Cuei,75
Multhiang,0
Maiwut,0
Panyikang,0
Juba,0
Ikotos,0
Kapoeta_South,0
Budi,0
Ezo,0
Rumbek_North,0
Rubkona,0
Pochalla,11
Pochalla,11
Leer,0
Lafon,0
Mayendit,0
Pariang,0
Tambura,0
Kapoeta_East,0
Rumbek_East,0
Gogrial_East,0
Jur_River,0
Twic,0
Morobo,0
Panyijiar,0
Mundri_West,0
Mvolo,0
Aweil_East,0
Maridi,0
Terekeka,0
Magwi,0
Rumbek_Centre,0
Lainya,0
Yirol_West,0
Bor,691
Bor,691
Raja,0
Wau,0
Gogrial_West,0
Torit,0
Yambio,0
Cueibet,0
Mayom,0
Koch,0
Kajo-Keji,0
Yei,0
Mundri_East,0
