Bor,884
Pochalla,145
Panyikang,26
Liang,0
Bor,884
Bor,884
Pajut,18
El-galhak,0
Malakal,0
Awarajwok,0
Bunj,0
Wadakona,0
Maban,0
Gadiang,19
Panyagor,60
Jalle,63
Renk,0
Kaljak,4
Nasir,1
Duk_Fadiat,40
Pentin,4
Dentoang,0
Owachi,1
Wau_Shilluk,2
Yuai,20
Ayod,8
Khor_Adar,0
Atar,4
Pieri,10
Pulchuol,8
Waat,2
Walgak,3
Gel_Achel,1
Kodok,0
Kaka,0
Doro,0
Makol_Cuei,91
Multhiang,0
Maiwut,0
Panyikang,26
Juba,0
Ikotos,0
Kapoeta_South,0
Budi,0
Ezo,0
Rumbek_North,0
Rubkona,0
Pochalla,145
Pochalla,145
Leer,0
Lafon,0
Mayendit,0
Pariang,0
Tambura,0
Kapoeta_East,0
Rumbek_East,0
Gogrial_East,0
Jur_River,0
Twic,0
Morobo,0
Panyijiar,0
Mundri_West,0
Mvolo,0
Aweil_East,0
Maridi,0
Terekeka,0
Magwi,0
Rumbek_Centre,0
Lainya,0
Yirol_West,0
Bor,884
Bor,884
Raja,0
Wau,0
Gogrial_West,0
Torit,0
Yambio,0
Cueibet,0
Mayom,0
Koch,0
Kajo-Keji,0
Yei,0
Mundri_East,0
