Bor,846
Pochalla,155
Panyikang,36
Liang,0
Bor,846
Bor,846
Pajut,14
El-galhak,1
Malakal,0
Awarajwok,1
Bunj,0
Wadakona,0
Maban,0
Gadiang,14
Panyagor,60
Jalle,56
Renk,0
Kaljak,3
Nasir,2
Duk_Fadiat,30
Pentin,5
Dentoang,2
Owachi,2
Wau_Shilluk,0
Yuai,25
Ayod,11
Khor_Adar,1
Atar,1
Pieri,8
Pulchuol,4
Waat,0
Walgak,4
Gel_Achel,1
Kodok,0
Kaka,1
Doro,0
Makol_Cuei,80
Multhiang,0
Maiwut,0
Panyikang,36
Juba,0
Ikotos,0
Kapoeta_South,0
Budi,0
Ezo,0
Rumbek_North,0
Rubkona,0
Pochalla,155
Pochalla,155
Leer,0
Lafon,0
Mayendit,0
Pariang,0
Tambura,0
Kapoeta_East,0
Rumbek_East,0
Gogrial_East,0
Jur_River,0
Twic,0
Morobo,0
Panyijiar,0
Mundri_West,0
Mvolo,0
Aweil_East,0
Maridi,0
Terekeka,0
Magwi,0
Rumbek_Centre,0
Lainya,0
Yirol_West,0
Bor,846
Bor,846
Raja,0
Wau,0
Gogrial_West,0
Torit,0
Yambio,0
Cueibet,0
Mayom,0
Koch,0
Kajo-Keji,0
Yei,0
Mundri_East,0
