Bor,1086
Pochalla,159
Panyikang,14
Liang,0
Bor,1086
Bor,1086
Pajut,16
El-galhak,0
Malakal,3
Awarajwok,1
Bunj,0
Wadakona,0
Maban,1
Gadiang,12
Panyagor,67
Jalle,80
Renk,0
Kaljak,11
Nasir,2
Duk_Fadiat,45
Pentin,4
Dentoang,0
Owachi,0
Wau_Shilluk,0
Yuai,18
Ayod,14
Khor_Adar,1
Atar,1
Pieri,6
Pulchuol,4
Waat,3
Walgak,3
Gel_Achel,0
Kodok,0
Kaka,0
Doro,0
Makol_Cuei,112
Multhiang,0
Maiwut,0
Panyikang,14
Juba,0
Ikotos,0
Kapoeta_South,0
Budi,0
Ezo,0
Rumbek_North,0
Rubkona,0
Pochalla,159
Pochalla,159
Leer,0
Lafon,0
Mayendit,0
Pariang,0
Tambura,0
Kapoeta_East,0
Rumbek_East,0
Gogrial_East,0
Jur_River,0
Twic,0
Morobo,0
Panyijiar,0
Mundri_West,0
Mvolo,0
Aweil_East,0
Maridi,0
Terekeka,0
Magwi,0
Rumbek_Centre,0
Lainya,0
Yirol_West,0
Bor,1086
Bor,1086
Raja,0
Wau,0
Gogrial_West,0
Torit,0
Yambio,0
Cueibet,0
Mayom,0
Koch,0
Kajo-Keji,0
Yei,0
Mundri_East,0
