Bor,825
Pochalla,189
Panyikang,62
Liang,0
Bor,825
Bor,825
Pajut,8
El-galhak,1
Malakal,4
Awarajwok,5
Bunj,0
Wadakona,1
Maban,0
Gadiang,13
Panyagor,50
Jalle,41
Renk,0
Kaljak,5
Nasir,5
Duk_Fadiat,29
Pentin,6
Dentoang,1
Owachi,2
Wau_Shilluk,7
Yuai,12
Ayod,9
Khor_Adar,0
Atar,2
Pieri,2
Pulchuol,4
Waat,1
Walgak,3
Gel_Achel,1
Kodok,2
Kaka,1
Doro,0
Makol_Cuei,69
Multhiang,0
Maiwut,0
Panyikang,62
Juba,0
Ikotos,0
Kapoeta_South,0
Budi,0
Ezo,0
Rumbek_North,0
Rubkona,0
Pochalla,189
Pochalla,189
Leer,0
Lafon,0
Mayendit,0
Pariang,0
Tambura,0
Kapoeta_East,0
Rumbek_East,0
Gogrial_East,0
Jur_River,0
Twic,0
Morobo,0
Panyijiar,0
Mundri_West,0
Mvolo,0
Aweil_East,0
Maridi,0
Terekeka,0
Magwi,0
Rumbek_Centre,0
Lainya,0
Yirol_West,0
Bor,825
Bor,825
Raja,0
Wau,0
Gogrial_West,0
Torit,0
Yambio,0
Cueibet,0
Mayom,0
Koch,0
Kajo-Keji,0
Yei,0
Mundri_East,0
