Bor,581
Pochalla,172
Panyikang,69
Liang,0
Bor,581
Bor,581
Pajut,8
El-galhak,1
Malakal,2
Awarajwok,3
Bunj,0
Wadakona,0
Maban,0
Gadiang,4
Panyagor,33
Jalle,42
Renk,0
Kaljak,3
Nasir,2
Duk_Fadiat,16
Pentin,0
Dentoang,3
Owachi,2
Wau_Shilluk,1
Yuai,15
Ayod,9
Khor_Adar,2
Atar,3
Pieri,5
Pulchuol,2
Waat,2
Walgak,5
Gel_Achel,2
Kodok,3
Kaka,1
Doro,1
Makol_Cuei,65
Multhiang,0
Maiwut,0
Panyikang,69
Juba,0
Ikotos,0
Kapoeta_South,0
Budi,0
Ezo,0
Rumbek_North,0
Rubkona,0
Pochalla,172
Pochalla,172
Leer,0
Lafon,0
Mayendit,0
Pariang,0
Tambura,0
Kapoeta_East,0
Rumbek_East,0
Gogrial_East,0
Jur_River,0
Twic,0
Morobo,0
Panyijiar,0
Mundri_West,0
Mvolo,0
Aweil_East,0
Maridi,0
Terekeka,0
Magwi,0
Rumbek_Centre,0
Lainya,0
Yirol_West,0
Bor,581
Bor,581
Raja,0
Wau,0
Gogrial_West,0
Torit,0
Yambio,0
Cueibet,0
Mayom,0
Koch,0
Kajo-Keji,0
Yei,0
Mundri_East,0
