Bor,941
Pochalla,166
Panyikang,37
Liang,0
Bor,941
Bor,941
Pajut,16
El-galhak,0
Malakal,2
Awarajwok,1
Bunj,0
Wadakona,0
Maban,0
Gadiang,13
Panyagor,53
Jalle,59
Renk,0
Kaljak,5
Nasir,4
Duk_Fadiat,32
Pentin,10
Dentoang,0
Owachi,3
Wau_Shilluk,3
Yuai,24
Ayod,10
Khor_Adar,1
Atar,3
Pieri,5
Pulchuol,6
Waat,2
Walgak,2
Gel_Achel,1
Kodok,2
Kaka,1
Doro,0
Makol_Cuei,96
Multhiang,0
Maiwut,0
Panyikang,37
Juba,0
Ikotos,0
Kapoeta_South,0
Budi,0
Ezo,0
Rumbek_North,0
Rubkona,0
Pochalla,166
Pochalla,166
Leer,0
Lafon,0
Mayendit,0
Pariang,0
Tambura,0
Kapoeta_East,0
Rumbek_East,0
Gogrial_East,0
Jur_River,0
Twic,0
Morobo,0
Panyijiar,0
Mundri_West,0
Mvolo,0
Aweil_East,0
Maridi,0
Terekeka,0
Magwi,0
Rumbek_Centre,0
Lainya,0
Yirol_West,0
Bor,941
Bor,941
Raja,0
Wau,0
Gogrial_West,0
Torit,0
Yambio,0
Cueibet,0
Mayom,0
Koch,0
Kajo-Keji,0
Yei,0
Mundri_East,0
