Bor,637
Pochalla,180
Panyikang,53
Liang,0
Bor,637
Bor,637
Pajut,7
El-galhak,1
Malakal,3
Awarajwok,2
Bunj,0
Wadakona,0
Maban,0
Gadiang,9
Panyagor,24
Jalle,59
Renk,0
Kaljak,4
Nasir,5
Duk_Fadiat,21
Pentin,2
Dentoang,0
Owachi,5
Wau_Shilluk,5
Yuai,19
Ayod,10
Khor_Adar,1
Atar,2
Pieri,0
Pulchuol,9
Waat,0
Walgak,2
Gel_Achel,1
Kodok,3
Kaka,2
Doro,0
Makol_Cuei,75
Multhiang,0
Maiwut,0
Panyikang,53
Juba,0
Ikotos,0
Kapoeta_South,0
Budi,0
Ezo,0
Rumbek_North,0
Rubkona,0
Pochalla,180
Pochalla,180
Leer,0
Lafon,0
Mayendit,0
Pariang,0
Tambura,0
Kapoeta_East,0
Rumbek_East,0
Gogrial_East,0
Jur_River,0
Twic,0
Morobo,0
Panyijiar,0
Mundri_West,0
Mvolo,0
Aweil_East,0
Maridi,0
Terekeka,0
Magwi,0
Rumbek_Centre,0
Lainya,0
Yirol_West,0
Bor,637
Bor,637
Raja,0
Wau,0
Gogrial_West,0
Torit,0
Yambio,0
Cueibet,0
Mayom,0
Koch,0
Kajo-Keji,0
Yei,0
Mundri_East,0
