Bor,717
Pochalla,169
Panyikang,60
Liang,0
Bor,717
Bor,717
Pajut,13
El-galhak,0
Malakal,8
Awarajwok,2
Bunj,0
Wadakona,1
Maban,0
Gadiang,13
Panyagor,51
Jalle,54
Renk,0
Kaljak,2
Nasir,2
Duk_Fadiat,27
Pentin,6
Dentoang,3
Owachi,5
Wau_Shilluk,4
Yuai,19
Ayod,13
Khor_Adar,0
Atar,2
Pieri,6
Pulchuol,7
Waat,0
Walgak,3
Gel_Achel,0
Kodok,6
Kaka,2
Doro,0
Makol_Cuei,75
Multhiang,0
Maiwut,0
Panyikang,60
Juba,0
Ikotos,0
Kapoeta_South,0
Budi,0
Ezo,0
Rumbek_North,0
Rubkona,0
Pochalla,169
Pochalla,169
Leer,0
Lafon,0
Mayendit,0
Pariang,0
Tambura,0
Kapoeta_East,0
Rumbek_East,0
Gogrial_East,0
Jur_River,0
Twic,0
Morobo,0
Panyijiar,0
Mundri_West,0
Mvolo,0
Aweil_East,0
Maridi,0
Terekeka,0
Magwi,0
Rumbek_Centre,0
Lainya,0
Yirol_West,0
Bor,717
Bor,717
Raja,0
Wau,0
Gogrial_West,0
Torit,0
Yambio,0
Cueibet,0
Mayom,0
Koch,0
Kajo-Keji,0
Yei,0
Mundri_East,0
