Bor,858
Pochalla,163
Panyikang,48
Liang,0
Bor,858
Bor,858
Pajut,10
El-galhak,0
Malakal,2
Awarajwok,1
Bunj,0
Wadakona,1
Maban,0
Gadiang,14
Panyagor,65
Jalle,52
Renk,0
Kaljak,2
Nasir,1
Duk_Fadiat,39
Pentin,1
Dentoang,0
Owachi,2
Wau_Shilluk,4
Yuai,22
Ayod,5
Khor_Adar,0
Atar,0
Pieri,6
Pulchuol,8
Waat,1
Walgak,2
Gel_Achel,0
Kodok,4
Kaka,1
Doro,1
Makol_Cuei,92
Multhiang,0
Maiwut,0
Panyikang,48
Juba,0
Ikotos,0
Kapoeta_South,0
Budi,0
Ezo,0
Rumbek_North,0
Rubkona,0
Pochalla,163
Pochalla,163
Leer,0
Lafon,0
Mayendit,0
Pariang,0
Tambura,0
Kapoeta_East,0
Rumbek_East,0
Gogrial_East,0
Jur_River,0
Twic,0
Morobo,0
Panyijiar,0
Mundri_West,0
Mvolo,0
Aweil_East,0
Maridi,0
Terekeka,0
Magwi,0
Rumbek_Centre,0
Lainya,0
Yirol_West,0
Bor,858
Bor,858
Raja,0
Wau,0
Gogrial_West,0
Torit,0
Yambio,0
Cueibet,0
Mayom,0
Koch,0
Kajo-Keji,0
Yei,0
Mundri_East,0
