Bor,883
Pochalla,160
Panyikang,47
Liang,0
Bor,883
Bor,883
Pajut,14
El-galhak,0
Malakal,4
Awarajwok,5
Bunj,0
Wadakona,0
Maban,0
Gadiang,12
Panyagor,45
Jalle,44
Renk,0
Kaljak,5
Nasir,5
Duk_Fadiat,32
Pentin,6
Dentoang,1
Owachi,0
Wau_Shilluk,1
Yuai,31
Ayod,15
Khor_Adar,3
Atar,2
Pieri,6
Pulchuol,5
Waat,1
Walgak,4
Gel_Achel,0
Kodok,1
Kaka,1
Doro,0
Makol_Cuei,107
Multhiang,1
Maiwut,0
Panyikang,47
Juba,0
Ikotos,0
Kapoeta_South,0
Budi,0
Ezo,0
Rumbek_North,0
Rubkona,0
Pochalla,160
Pochalla,160
Leer,0
Lafon,0
Mayendit,0
Pariang,0
Tambura,0
Kapoeta_East,0
Rumbek_East,0
Gogrial_East,0
Jur_River,0
Twic,0
Morobo,0
Panyijiar,0
Mundri_West,0
Mvolo,0
Aweil_East,0
Maridi,0
Terekeka,0
Magwi,0
Rumbek_Centre,0
Lainya,0
Yirol_West,0
Bor,883
Bor,883
Raja,0
Wau,0
Gogrial_West,0
Torit,0
Yambio,0
Cueibet,0
Mayom,0
Koch,0
Kajo-Keji,0
Yei,0
Mundri_East,0
