Bor,1061
Pochalla,157
Panyikang,21
Liang,0
Bor,1061
Bor,1061
Pajut,27
El-galhak,0
Malakal,1
Awarajwok,0
Bunj,0
Wadakona,0
Maban,0
Gadiang,20
Panyagor,67
Jalle,80
Renk,0
Kaljak,6
Nasir,2
Duk_Fadiat,49
Pentin,3
Dentoang,1
Owachi,1
Wau_Shilluk,3
Yuai,32
Ayod,14
Khor_Adar,2
Atar,1
Pieri,4
Pulchuol,3
Waat,0
Walgak,6
Gel_Achel,1
Kodok,0
Kaka,0
Doro,0
Makol_Cuei,124
Multhiang,0
Maiwut,0
Panyikang,21
Juba,0
Ikotos,0
Kapoeta_South,0
Budi,0
Ezo,0
Rumbek_North,0
Rubkona,0
Pochalla,157
Pochalla,157
Leer,0
Lafon,0
Mayendit,0
Pariang,0
Tambura,0
Kapoeta_East,0
Rumbek_East,0
Gogrial_East,0
Jur_River,0
Twic,0
Morobo,0
Panyijiar,0
Mundri_West,0
Mvolo,0
Aweil_East,0
Maridi,0
Terekeka,0
Magwi,0
Rumbek_Centre,0
Lainya,0
Yirol_West,0
Bor,1061
Bor,1061
Raja,0
Wau,0
Gogrial_West,0
Torit,0
Yambio,0
Cueibet,0
Mayom,0
Koch,0
Kajo-Keji,0
Yei,0
Mundri_East,0
