Bor,1078
Pochalla,180
Panyikang,18
Liang,0
Bor,1078
Bor,1078
Pajut,19
El-galhak,1
Malakal,1
Awarajwok,1
Bunj,0
Wadakona,0
Maban,0
Gadiang,11
Panyagor,60
Jalle,79
Renk,0
Kaljak,4
Nasir,2
Duk_Fadiat,43
Pentin,4
Dentoang,1
Owachi,1
Wau_Shilluk,1
Yuai,21
Ayod,22
Khor_Adar,0
Atar,2
Pieri,4
Pulchuol,12
Waat,2
Walgak,7
Gel_Achel,0
Kodok,0
Kaka,0
Doro,0
Makol_Cuei,110
Multhiang,1
Maiwut,0
Panyikang,18
Juba,0
Ikotos,0
Kapoeta_South,0
Budi,0
Ezo,0
Rumbek_North,0
Rubkona,0
Pochalla,180
Pochalla,180
Leer,0
Lafon,0
Mayendit,0
Pariang,0
Tambura,0
Kapoeta_East,0
Rumbek_East,0
Gogrial_East,0
Jur_River,0
Twic,0
Morobo,0
Panyijiar,0
Mundri_West,0
Mvolo,0
Aweil_East,0
Maridi,0
Terekeka,0
Magwi,0
Rumbek_Centre,0
Lainya,0
Yirol_West,0
Bor,1078
Bor,1078
Raja,0
Wau,0
Gogrial_West,0
Torit,0
Yambio,0
Cueibet,0
Mayom,0
Koch,0
Kajo-Keji,0
Yei,0
Mundri_East,0
