Bor,898
Pochalla,157
Panyikang,48
Liang,0
Bor,898
Bor,898
Pajut,17
El-galhak,0
Malakal,3
Awarajwok,0
Bunj,0
Wadakona,0
Maban,0
Gadiang,13
Panyagor,48
Jalle,48
Renk,0
Kaljak,5
Nasir,3
Duk_Fadiat,33
Pentin,5
Dentoang,2
Owachi,1
Wau_Shilluk,2
Yuai,23
Ayod,14
Khor_Adar,0
Atar,1
Pieri,9
Pulchuol,9
Waat,0
Walgak,3
Gel_Achel,3
Kodok,4
Kaka,0
Doro,0
Makol_Cuei,92
Multhiang,0
Maiwut,0
Panyikang,48
Juba,0
Ikotos,0
Kapoeta_South,0
Budi,0
Ezo,0
Rumbek_North,0
Rubkona,0
Pochalla,157
Pochalla,157
Leer,0
Lafon,0
Mayendit,0
Pariang,0
Tambura,0
Kapoeta_East,0
Rumbek_East,0
Gogrial_East,0
Jur_River,0
Twic,0
Morobo,0
Panyijiar,0
Mundri_West,0
Mvolo,0
Aweil_East,0
Maridi,0
Terekeka,0
Magwi,0
Rumbek_Centre,0
Lainya,0
Yirol_West,0
Bor,898
Bor,898
Raja,0
Wau,0
Gogrial_West,0
Torit,0
Yambio,0
Cueibet,0
Mayom,0
Koch,0
Kajo-Keji,0
Yei,0
Mundri_East,0
