Bor,836
Pochalla,153
Panyikang,50
Liang,0
Bor,836
Bor,836
Pajut,17
El-galhak,0
Malakal,5
Awarajwok,3
Bunj,0
Wadakona,0
Maban,0
Gadiang,8
Panyagor,57
Jalle,57
Renk,0
Kaljak,3
Nasir,2
Duk_Fadiat,24
Pentin,5
Dentoang,2
Owachi,4
Wau_Shilluk,2
Yuai,13
Ayod,12
Khor_Adar,1
Atar,0
Pieri,6
Pulchuol,4
Waat,0
Walgak,2
Gel_Achel,0
Kodok,0
Kaka,0
Doro,0
Makol_Cuei,97
Multhiang,0
Maiwut,0
Panyikang,50
Juba,0
Ikotos,0
Kapoeta_South,0
Budi,0
Ezo,0
Rumbek_North,0
Rubkona,0
Pochalla,153
Pochalla,153
Leer,0
Lafon,0
Mayendit,0
Pariang,0
Tambura,0
Kapoeta_East,0
Rumbek_East,0
Gogrial_East,0
Jur_River,0
Twic,0
Morobo,0
Panyijiar,0
Mundri_West,0
Mvolo,0
Aweil_East,0
Maridi,0
Terekeka,0
Magwi,0
Rumbek_Centre,0
Lainya,0
Yirol_West,0
Bor,836
Bor,836
Raja,0
Wau,0
Gogrial_West,0
Torit,0
Yambio,0
Cueibet,0
Mayom,0
Koch,0
Kajo-Keji,0
Yei,0
Mundri_East,0
