Bor,1005
Pochalla,165
Panyikang,10
Liang,0
Bor,1005
Bor,1005
Pajut,16
El-galhak,1
Malakal,1
Awarajwok,0
Bunj,0
Wadakona,0
Maban,0
Gadiang,16
Panyagor,67
Jalle,54
Renk,0
Kaljak,3
Nasir,4
Duk_Fadiat,49
Pentin,4
Dentoang,1
Owachi,0
Wau_Shilluk,1
Yuai,33
Ayod,18
Khor_Adar,1
Atar,1
Pieri,6
Pulchuol,7
Waat,3
Walgak,1
Gel_Achel,0
Kodok,1
Kaka,0
Doro,0
Makol_Cuei,107
Multhiang,0
Maiwut,0
Panyikang,10
Juba,0
Ikotos,0
Kapoeta_South,0
Budi,0
Ezo,0
Rumbek_North,0
Rubkona,0
Pochalla,165
Pochalla,165
Leer,0
Lafon,0
Mayendit,0
Pariang,0
Tambura,0
Kapoeta_East,0
Rumbek_East,0
Gogrial_East,0
Jur_River,0
Twic,0
Morobo,0
Panyijiar,0
Mundri_West,0
Mvolo,0
Aweil_East,0
Maridi,0
Terekeka,0
Magwi,0
Rumbek_Centre,0
Lainya,0
Yirol_West,0
Bor,1005
Bor,1005
Raja,0
Wau,0
Gogrial_West,0
Torit,0
Yambio,0
Cueibet,0
Mayom,0
Koch,0
Kajo-Keji,0
Yei,0
Mundri_East,0
