Bor,840
Pochalla,151
Panyikang,44
Liang,1
Bor,840
Bor,840
Pajut,14
El-galhak,0
Malakal,2
Awarajwok,2
Bunj,0
Wadakona,1
Maban,0
Gadiang,8
Panyagor,53
Jalle,69
Renk,0
Kaljak,7
Nasir,3
Duk_Fadiat,31
Pentin,6
Dentoang,0
Owachi,5
Wau_Shilluk,1
Yuai,22
Ayod,7
Khor_Adar,1
Atar,4
Pieri,3
Pulchuol,10
Waat,1
Walgak,2
Gel_Achel,1
Kodok,4
Kaka,1
Doro,0
Makol_Cuei,92
Multhiang,1
Maiwut,0
Panyikang,44
Juba,0
Ikotos,0
Kapoeta_South,0
Budi,0
Ezo,0
Rumbek_North,0
Rubkona,0
Pochalla,151
Pochalla,151
Leer,0
Lafon,0
Mayendit,0
Pariang,0
Tambura,0
Kapoeta_East,0
Rumbek_East,0
Gogrial_East,0
Jur_River,0
Twic,0
Morobo,0
Panyijiar,0
Mundri_West,0
Mvolo,0
Aweil_East,0
Maridi,0
Terekeka,0
Magwi,0
Rumbek_Centre,0
Lainya,0
Yirol_West,0
Bor,840
Bor,840
Raja,0
Wau,0
Gogrial_West,0
Torit,0
Yambio,0
Cueibet,0
Mayom,0
Koch,0
Kajo-Keji,0
Yei,0
Mundri_East,0
