Bor,1106
Pochalla,151
Panyikang,14
Liang,0
Bor,1106
Bor,1106
Pajut,18
El-galhak,0
Malakal,1
Awarajwok,1
Bunj,0
Wadakona,0
Maban,0
Gadiang,17
Panyagor,55
Jalle,76
Renk,0
Kaljak,7
Nasir,1
Duk_Fadiat,38
Pentin,0
Dentoang,0
Owachi,5
Wau_Shilluk,2
Yuai,26
Ayod,14
Khor_Adar,0
Atar,3
Pieri,7
Pulchuol,8
Waat,2
Walgak,7
Gel_Achel,0
Kodok,0
Kaka,0
Doro,0
Makol_Cuei,127
Multhiang,0
Maiwut,0
Panyikang,14
Juba,0
Ikotos,0
Kapoeta_South,0
Budi,0
Ezo,0
Rumbek_North,0
Rubkona,0
Pochalla,151
Pochalla,151
Leer,0
Lafon,0
Mayendit,0
Pariang,0
Tambura,0
Kapoeta_East,0
Rumbek_East,0
Gogrial_East,0
Jur_River,0
Twic,0
Morobo,0
Panyijiar,0
Mundri_West,0
Mvolo,0
Aweil_East,0
Maridi,0
Terekeka,0
Magwi,0
Rumbek_Centre,0
Lainya,0
Yirol_West,0
Bor,1106
Bor,1106
Raja,0
Wau,0
Gogrial_West,0
Torit,0
Yambio,0
Cueibet,0
Mayom,0
Koch,0
Kajo-Keji,0
Yei,0
Mundri_East,0
