Bor,889
Pochalla,164
Panyikang,50
Liang,0
Bor,889
Bor,889
Pajut,19
El-galhak,2
Malakal,1
Awarajwok,2
Bunj,0
Wadakona,1
Maban,1
Gadiang,13
Panyagor,56
Jalle,60
Renk,0
Kaljak,5
Nasir,1
Duk_Fadiat,36
Pentin,4
Dentoang,0
Owachi,4
Wau_Shilluk,1
Yuai,22
Ayod,9
Khor_Adar,1
Atar,1
Pieri,3
Pulchuol,6
Waat,0
Walgak,1
Gel_Achel,0
Kodok,0
Kaka,0
Doro,0
Makol_Cuei,87
Multhiang,1
Maiwut,0
Panyikang,50
Juba,0
Ikotos,0
Kapoeta_South,0
Budi,0
Ezo,0
Rumbek_North,0
Rubkona,0
Pochalla,164
Pochalla,164
Leer,0
Lafon,0
Mayendit,0
Pariang,0
Tambura,0
Kapoeta_East,0
Rumbek_East,0
Gogrial_East,0
Jur_River,0
Twic,0
Morobo,0
Panyijiar,0
Mundri_West,0
Mvolo,0
Aweil_East,0
Maridi,0
Terekeka,0
Magwi,0
Rumbek_Centre,0
Lainya,0
Yirol_West,0
Bor,889
Bor,889
Raja,0
Wau,0
Gogrial_West,0
Torit,0
Yambio,0
Cueibet,0
Mayom,0
Koch,0
Kajo-Keji,0
Yei,0
Mundri_East,0
