Bor,768
Pochalla,161
Panyikang,60
Liang,0
Bor,768
Bor,768
Pajut,11
El-galhak,2
Malakal,5
Awarajwok,1
Bunj,0
Wadakona,0
Maban,0
Gadiang,16
Panyagor,47
Jalle,50
Renk,0
Kaljak,4
Nasir,2
Duk_Fadiat,23
Pentin,6
Dentoang,0
Owachi,4
Wau_Shilluk,4
Yuai,18
Ayod,10
Khor_Adar,2
Atar,1
Pieri,0
Pulchuol,6
Waat,1
Walgak,5
Gel_Achel,0
Kodok,1
Kaka,0
Doro,0
Makol_Cuei,90
Multhiang,1
Maiwut,0
Panyikang,60
Juba,0
Ikotos,0
Kapoeta_South,0
Budi,0
Ezo,0
Rumbek_North,0
Rubkona,0
Pochalla,161
Pochalla,161
Leer,0
Lafon,0
Mayendit,0
Pariang,0
Tambura,0
Kapoeta_East,0
Rumbek_East,0
Gogrial_East,0
Jur_River,0
Twic,0
Morobo,0
Panyijiar,0
Mundri_West,0
Mvolo,0
Aweil_East,0
Maridi,0
Terekeka,0
Magwi,0
Rumbek_Centre,0
Lainya,0
Yirol_West,0
Bor,768
Bor,768
Raja,0
Wau,0
Gogrial_West,0
Torit,0
Yambio,0
Cueibet,0
Mayom,0
Koch,0
Kajo-Keji,0
Yei,0
Mundri_East,0
