Bor,791
Pochalla,198
Panyikang,53
Liang,0
Bor,791
Bor,791
Pajut,16
El-galhak,0
Malakal,4
Awarajwok,1
Bunj,0
Wadakona,0
Maban,0
Gadiang,15
Panyagor,52
Jalle,50
Renk,1
Kaljak,5
Nasir,0
Duk_Fadiat,36
Pentin,5
Dentoang,0
Owachi,0
Wau_Shilluk,2
Yuai,27
Ayod,14
Khor_Adar,1
Atar,5
Pieri,0
Pulchuol,8
Waat,0
Walgak,1
Gel_Achel,2
Kodok,0
Kaka,1
Doro,0
Makol_Cuei,89
Multhiang,0
Maiwut,0
Panyikang,53
Juba,0
Ikotos,0
Kapoeta_South,0
Budi,0
Ezo,0
Rumbek_North,0
Rubkona,0
Pochalla,198
Pochalla,198
Leer,0
Lafon,0
Mayendit,0
Pariang,0
Tambura,0
Kapoeta_East,0
Rumbek_East,0
Gogrial_East,0
Jur_River,0
Twic,0
Morobo,0
Panyijiar,0
Mundri_West,0
Mvolo,0
Aweil_East,0
Maridi,0
Terekeka,0
Magwi,0
Rumbek_Centre,0
Lainya,0
Yirol_West,0
Bor,791
Bor,791
Raja,0
Wau,0
Gogrial_West,0
Torit,0
Yambio,0
Cueibet,0
Mayom,0
Koch,0
Kajo-Keji,0
Yei,0
Mundri_East,0
