Bor,817
Pochalla,161
Panyikang,48
Liang,0
Bor,817
Bor,817
Pajut,18
El-galhak,0
Malakal,3
Awarajwok,3
Bunj,0
Wadakona,0
Maban,0
Gadiang,5
Panyagor,54
Jalle,61
Renk,1
Kaljak,5
Nasir,2
Duk_Fadiat,32
Pentin,3
Dentoang,2
Owachi,1
Wau_Shilluk,0
Yuai,19
Ayod,8
Khor_Adar,3
Atar,0
Pieri,5
Pulchuol,7
Waat,1
Walgak,2
Gel_Achel,1
Kodok,3
Kaka,2
Doro,0
Makol_Cuei,108
Multhiang,0
Maiwut,0
Panyikang,48
Juba,0
Ikotos,0
Kapoeta_South,0
Budi,0
Ezo,0
Rumbek_North,0
Rubkona,0
Pochalla,161
Pochalla,161
Leer,0
Lafon,0
Mayendit,0
Pariang,0
Tambura,0
Kapoeta_East,0
Rumbek_East,0
Gogrial_East,0
Jur_River,0
Twic,0
Morobo,0
Panyijiar,0
Mundri_West,0
Mvolo,0
Aweil_East,0
Maridi,0
Terekeka,0
Magwi,0
Rumbek_Centre,0
Lainya,0
Yirol_West,0
Bor,817
Bor,817
Raja,0
Wau,0
Gogrial_West,0
Torit,0
Yambio,0
Cueibet,0
Mayom,0
Koch,0
Kajo-Keji,0
Yei,0
Mundri_East,0
