Bor,1017
Pochalla,174
Panyikang,21
Liang,0
Bor,1017
Bor,1017
Pajut,17
El-galhak,2
Malakal,2
Awarajwok,1
Bunj,1
Wadakona,0
Maban,1
Gadiang,15
Panyagor,68
Jalle,60
Renk,0
Kaljak,8
Nasir,3
Duk_Fadiat,32
Pentin,9
Dentoang,1
Owachi,0
Wau_Shilluk,1
Yuai,17
Ayod,15
Khor_Adar,1
Atar,2
Pieri,4
Pulchuol,4
Waat,2
Walgak,4
Gel_Achel,2
Kodok,2
Kaka,3
Doro,0
Makol_Cuei,89
Multhiang,0
Maiwut,0
Panyikang,21
Juba,0
Ikotos,0
Kapoeta_South,0
Budi,0
Ezo,0
Rumbek_North,0
Rubkona,0
Pochalla,174
Pochalla,174
Leer,0
Lafon,0
Mayendit,0
Pariang,0
Tambura,0
Kapoeta_East,0
Rumbek_East,0
Gogrial_East,0
Jur_River,0
Twic,0
Morobo,0
Panyijiar,0
Mundri_West,0
Mvolo,0
Aweil_East,0
Maridi,0
Terekeka,0
Magwi,0
Rumbek_Centre,0
Lainya,0
Yirol_West,0
Bor,1017
Bor,1017
Raja,0
Wau,0
Gogrial_West,0
Torit,0
Yambio,0
Cueibet,0
Mayom,0
Koch,0
Kajo-Keji,0
Yei,0
Mundri_East,0
