Bor,872
Pochalla,175
Panyikang,53
Liang,0
Bor,872
Bor,872
Pajut,18
El-galhak,0
Malakal,4
Awarajwok,1
Bunj,0
Wadakona,0
Maban,0
Gadiang,12
Panyagor,57
Jalle,60
Renk,0
Kaljak,7
Nasir,3
Duk_Fadiat,30
Pentin,2
Dentoang,2
Owachi,2
Wau_Shilluk,5
Yuai,23
Ayod,9
Khor_Adar,1
Atar,0
Pieri,5
Pulchuol,4
Waat,1
Walgak,5
Gel_Achel,1
Kodok,2
Kaka,0
Doro,0
Makol_Cuei,85
Multhiang,1
Maiwut,0
Panyikang,53
Juba,0
Ikotos,0
Kapoeta_South,0
Budi,0
Ezo,0
Rumbek_North,0
Rubkona,0
Pochalla,175
Pochalla,175
Leer,0
Lafon,0
Mayendit,0
Pariang,0
Tambura,0
Kapoeta_East,0
Rumbek_East,0
Gogrial_East,0
Jur_River,0
Twic,0
Morobo,0
Panyijiar,0
Mundri_West,0
Mvolo,0
Aweil_East,0
Maridi,0
Terekeka,0
Magwi,0
Rumbek_Centre,0
Lainya,0
Yirol_West,0
Bor,872
Bor,872
Raja,0
Wau,0
Gogrial_West,0
Torit,0
Yambio,0
Cueibet,0
Mayom,0
Koch,0
Kajo-Keji,0
Yei,0
Mundri_East,0
