Bor,830
Pochalla,156
Panyikang,47
Liang,0
Bor,830
Bor,830
Pajut,8
El-galhak,1
Malakal,3
Awarajwok,2
Bunj,0
Wadakona,0
Maban,1
Gadiang,12
Panyagor,53
Jalle,54
Renk,0
Kaljak,5
Nasir,1
Duk_Fadiat,30
Pentin,6
Dentoang,0
Owachi,2
Wau_Shilluk,1
Yuai,25
Ayod,13
Khor_Adar,1
Atar,4
Pieri,5
Pulchuol,11
Waat,0
Walgak,6
Gel_Achel,2
Kodok,3
Kaka,0
Doro,0
Makol_Cuei,103
Multhiang,0
Maiwut,0
Panyikang,47
Juba,0
Ikotos,0
Kapoeta_South,0
Budi,0
Ezo,0
Rumbek_North,0
Rubkona,0
Pochalla,156
Pochalla,156
Leer,0
Lafon,0
Mayendit,0
Pariang,0
Tambura,0
Kapoeta_East,0
Rumbek_East,0
Gogrial_East,0
Jur_River,0
Twic,0
Morobo,0
Panyijiar,0
Mundri_West,0
Mvolo,0
Aweil_East,0
Maridi,0
Terekeka,0
Magwi,0
Rumbek_Centre,0
Lainya,0
Yirol_West,0
Bor,830
Bor,830
Raja,0
Wau,0
Gogrial_West,0
Torit,0
Yambio,0
Cueibet,0
Mayom,0
Koch,0
Kajo-Keji,0
Yei,0
Mundri_East,0
