Bor,865
Pochalla,172
Panyikang,52
Liang,0
Bor,865
Bor,865
Pajut,16
El-galhak,0
Malakal,4
Awarajwok,0
Bunj,0
Wadakona,1
Maban,0
Gadiang,18
Panyagor,57
Jalle,52
Renk,1
Kaljak,4
Nasir,2
Duk_Fadiat,32
Pentin,6
Dentoang,1
Owachi,1
Wau_Shilluk,2
Yuai,18
Ayod,15
Khor_Adar,2
Atar,3
Pieri,6
Pulchuol,6
Waat,1
Walgak,2
Gel_Achel,2
Kodok,0
Kaka,1
Doro,0
Makol_Cuei,115
Multhiang,0
Maiwut,0
Panyikang,52
Juba,0
Ikotos,0
Kapoeta_South,0
Budi,0
Ezo,0
Rumbek_North,0
Rubkona,0
Pochalla,172
Pochalla,172
Leer,0
Lafon,0
Mayendit,0
Pariang,0
Tambura,0
Kapoeta_East,0
Rumbek_East,0
Gogrial_East,0
Jur_River,0
Twic,0
Morobo,0
Panyijiar,0
Mundri_West,0
Mvolo,0
Aweil_East,0
Maridi,0
Terekeka,0
Magwi,0
Rumbek_Centre,0
Lainya,0
Yirol_West,0
Bor,865
Bor,865
Raja,0
Wau,0
Gogrial_West,0
Torit,0
Yambio,0
Cueibet,0
Mayom,0
Koch,0
Kajo-Keji,0
Yei,0
Mundri_East,0
