Bor,894
Pochalla,163
Panyikang,38
Liang,0
Bor,894
Bor,894
Pajut,10
El-galhak,0
Malakal,2
Awarajwok,3
Bunj,0
Wadakona,1
Maban,1
Gadiang,8
Panyagor,53
Jalle,53
Renk,0
Kaljak,4
Nasir,2
Duk_Fadiat,30
Pentin,1
Dentoang,2
Owachi,2
Wau_Shilluk,4
Yuai,19
Ayod,18
Khor_Adar,1
Atar,0
Pieri,3
Pulchuol,4
Waat,2
Walgak,8
Gel_Achel,3
Kodok,2
Kaka,2
Doro,0
Makol_Cuei,84
Multhiang,0
Maiwut,0
Panyikang,38
Juba,0
Ikotos,0
Kapoeta_South,0
Budi,0
Ezo,0
Rumbek_North,0
Rubkona,0
Pochalla,163
Pochalla,163
Leer,0
Lafon,0
Mayendit,0
Pariang,0
Tambura,0
Kapoeta_East,0
Rumbek_East,0
Gogrial_East,0
Jur_River,0
Twic,0
Morobo,0
Panyijiar,0
Mundri_West,0
Mvolo,0
Aweil_East,0
Maridi,0
Terekeka,0
Magwi,0
Rumbek_Centre,0
Lainya,0
Yirol_West,0
Bor,894
Bor,894
Raja,0
Wau,0
Gogrial_West,0
Torit,0
Yambio,0
Cueibet,0
Mayom,0
Koch,0
Kajo-Keji,0
Yei,0
Mundri_East,0
