Day,Haut-Uele sim,Haut-Uele data,Haut-Uele error,Ituri sim,Ituri data,Ituri error,Meri sim,Meri data,Meri error,Kakuma sim,Kakuma data,Kakuma error,Alwaral sim,Alwaral data,Alwaral error,East_Darfur sim,East_Darfur data,East_Darfur error,Khartoum sim,Khartoum data,Khartoum error,South_Darfur sim,South_Darfur data,South_Darfur error,West_Kordofan sim,West_Kordofan data,West_Kordofan error,White_Nile sim,White_Nile data,White_Nile error,Adjumani sim,Adjumani data,Adjumani error,Rhino sim,Rhino data,Rhino error,Kiryandongo sim,Kiryandongo data,Kiryandongo error,Total error,refugees in camps (UNHCR),total refugees (simulation),raw UNHCR refugee count,refugees in camps (simulation),refugee_debt
0,4,0.0,0.0,0,0.0,0.0,15,0.0,0.0,0,0.0,0.0,0,0.0,0.0,0,0.0,0.0,0,0.0,0.0,0,53.0,1.0,0,0.0,0.0,0,0.0,0.0,143,0.0,0.0,1,0.0,0.0,0,0.0,0.0,0.268,53,729,806,163,0
1,5,3,0.6667,0,0,0.0,20,0,0.0,0,64,1.0,0,1,1.0,0,1,1.0,0,5,1.0,0,53.0,1.0,0,15,1.0,0,1,1.0,164,25,5.56,3,264,0.9886,1,8,0.875,0.706,440,716,806,193,0
2,7,6,0.1667,0,0,0.0,25,0,0.0,2,128,0.9844,0,2,1.0,0,2,1.0,0,11,1.0,0,53.0,1.0,0,30,1.0,0,3,1.0,190,51,2.7255,4,264,0.9848,3,16,0.8125,0.824,566,719,807,231,0
3,8,10,0.2,0,0,0.0,33,1,32.0,6,192,0.9688,0,3,1.0,0,3,1.0,0,17,1.0,0,53.0,1.0,0,45,1.0,0,5,1.0,213,76,1.8026,7,265,0.9736,8,24,0.6667,0.938,694,711,807,275,0
4,9,13,0.3077,0,1,1.0,36,1,35.0,9,257,0.965,0,4,1.0,0,5,1.0,0,23,1.0,0,53.0,1.0,0,61,1.0,0,6,1.0,225,102,1.2059,9,265,0.966,12,32,0.625,1.0397,823,783,807,300,0
5,13,17,0.2353,0,1,1.0,41,2,19.5,12,321,0.9626,0,5,1.0,0,6,1.0,0,29,1.0,0,53.0,1.0,0,76,1.0,0,8,1.0,238,127,0.874,9,266,0.9662,13,41,0.6829,1.1475,952,780,807,326,0
6,18,20,0.1,0,1,1.0,44,2,21.0,12,385,0.9688,0,6,1.0,0,7,1.0,0,35,1.0,0,53.0,1.0,0,91,1.0,0,10,1.0,244,153,0.5948,10,266,0.9624,14,49,0.7143,1.2416,1078,779,807,342,0
7,22,24,0.0833,1,1,0.0,49,3,15.3333,17,449,0.9621,0,7,1.0,0,9,1.0,0,41,1.0,0,53.0,1.0,0,107,1.0,0,12,1.0,260,178,0.4607,14,267,0.9476,16,57,0.7193,1.3445,1208,777,807,379,0
8,26,27,0.037,1,2,0.5,52,3,16.3333,21,514,0.9591,0,8,1.0,0,10,1.0,0,47,1.0,0,53.0,1.0,0,122,1.0,0,13,1.0,267,204,0.3088,16,267,0.9401,16,65,0.7538,1.4374,1335,771,807,399,0
9,29,30,0.0333,1,2,0.5,55,4,12.75,25,578,0.9567,0,9,1.0,0,11,1.0,0,53,1.0,0,53.0,1.0,0,137,1.0,0,15,1.0,272,229,0.1878,17,268,0.9366,16,74,0.7838,1.5316,1463,770,807,415,0
10,31,34,0.0882,2,2,0.0,55,4,12.75,29,642,0.9548,0,10,1.0,0,13,1.0,0,59,1.0,0,53.0,1.0,0,152,1.0,0,17,1.0,278,255,0.0902,19,269,0.9294,17,82,0.7927,1.62,1592,769,808,431,0
11,34,37,0.0811,2,3,0.3333,56,5,10.2,33,707,0.9533,0,11,1.0,0,14,1.0,0,65,1.0,0,53.0,1.0,0,168,1.0,0,18,1.0,281,281,0.0,19,269,0.9294,18,90,0.8,1.7058,1721,769,809,443,0
12,35,41,0.1463,3,3,0.0,58,5,10.6,38,771,0.9507,0,12,1.0,0,15,1.0,0,71,1.0,0,53.0,1.0,0,183,1.0,0,20,1.0,286,306,0.0654,20,270,0.9259,19,98,0.8061,1.8457,1848,766,810,459,0
13,36,44,0.1818,3,3,0.0,60,6,9.0,41,835,0.9509,0,13,1.0,0,17,1.0,0,77,1.0,0,53.0,1.0,0,198,1.0,0,22,1.0,291,332,0.1235,20,270,0.9259,20,107,0.8131,1.9901,1977,770,811,471,0
14,37,48,0.2292,3,3,0.0,61,6,9.1667,47,836,0.9438,0,14,1.0,0,18,1.0,0,83,1.0,0,53.0,1.0,0,214,1.0,0,24,1.0,298,357,0.1653,20,271,0.9262,20,115,0.8261,2.0543,2042,764,811,486,0
15,40,51,0.2157,3,4,0.25,62,7,7.8571,49,836,0.9414,0,15,1.0,0,19,1.0,0,89,1.0,0,53.0,1.0,0,214,1.0,0,25,1.0,302,383,0.2115,20,271,0.9262,20,123,0.8374,2.1011,2090,767,811,496,0
16,41,54,0.2407,3,4,0.25,65,7,8.2857,52,837,0.9379,0,16,1.0,0,21,1.0,0,95,1.0,0,53.0,1.0,0,214,1.0,0,27,1.0,307,408,0.2475,20,272,0.9265,20,131,0.8473,2.1541,2139,759,811,508,0
17,45,58,0.2241,3,4,0.25,65,8,7.125,52,838,0.9379,0,17,1.0,0,22,1.0,0,101,1.0,0,53.0,1.0,0,214,1.0,0,29,1.0,311,434,0.2834,20,272,0.9265,21,140,0.85,2.2035,2190,761,811,517,0
18,46,61,0.2459,3,5,0.4,66,8,7.25,55,838,0.9344,0,18,1.0,0,23,1.0,0,107,1.0,0,53.0,1.0,0,214,1.0,1,30,0.9667,314,459,0.3159,21,273,0.9231,21,148,0.8581,2.2515,2237,762,811,527,0
19,47,65,0.2769,3,5,0.4,68,9,6.5556,55,839,0.9344,0,19,1.0,0,25,1.0,0,113,1.0,0,53.0,1.0,0,214,1.0,1,32,0.9688,318,485,0.3443,22,274,0.9197,21,156,0.8654,2.3083,2289,759,811,535,0
20,47,68,0.3088,3,5,0.4,68,9,6.5556,59,840,0.9298,0,20,1.0,0,26,1.0,0,119,1.0,0,53.0,1.0,0,215,1.0,1,34,0.9706,321,510,0.3706,22,274,0.9197,21,164,0.872,2.3588,2337,754,811,542,0
21,50,72,0.3056,3,5,0.4,68,10,5.8,61,840,0.9274,0,21,1.0,0,27,1.0,0,124,1.0,0,53.0,1.0,0,215,1.0,1,36,0.9722,324,536,0.3955,22,275,0.92,21,173,0.8786,2.4081,2387,759,811,550,0
22,50,75,0.3333,3,6,0.5,68,10,5.8,64,841,0.9239,0,22,1.0,0,29,1.0,0,130,1.0,0,53.0,1.0,0,215,1.0,1,37,0.973,325,562,0.4217,22,275,0.92,22,181,0.8785,2.4624,2436,754,811,555,0
23,51,78,0.3462,3,6,0.5,70,10,6.0,68,842,0.9192,0,23,1.0,0,30,1.0,0,136,1.0,0,53.0,1.0,0,215,1.0,1,39,0.9744,327,587,0.4429,22,276,0.9203,22,189,0.8836,2.5154,2484,759,811,564,0
24,51,82,0.378,3,6,0.5,70,11,5.3636,72,842,0.9145,0,24,1.0,0,31,1.0,0,142,1.0,1,53.0,0.9811,0,215,1.0,1,41,0.9756,328,613,0.4649,22,276,0.9203,22,197,0.8883,2.566,2533,756,811,570,0
25,54,85,0.3647,3,6,0.5,71,11,5.4545,75,843,0.911,0,26,1.0,0,33,1.0,0,148,1.0,2,53.0,0.9623,0,215,1.0,1,43,0.9767,332,638,0.4796,22,277,0.9206,22,206,0.8932,2.6165,2584,759,811,582,0
26,54,89,0.3933,3,7,0.5714,71,12,4.9167,75,844,0.9111,0,27,1.0,0,34,1.0,0,154,1.0,2,53,0.9623,0,216,1.0,1,44,0.9773,333,664,0.4985,22,277,0.9206,23,214,0.8925,2.6712,2635,759,812,584,0
27,54,92,0.413,3,7,0.5714,71,12,4.9167,76,844,0.91,0,28,1.0,0,35,1.0,0,160,1.0,2,53,0.9623,0,216,1.0,1,46,0.9783,336,689,0.5123,22,278,0.9209,23,222,0.8964,2.7208,2682,759,813,588,0
28,54,96,0.4375,3,7,0.5714,72,13,4.5385,77,844,0.9088,0,29,1.0,0,36,1.0,0,166,1.0,2,53,0.9623,0,216,1.0,1,48,0.9792,336,715,0.5301,22,279,0.9211,23,230,0.9,2.773,2732,760,815,590,0
29,55,99,0.4444,3,8,0.625,72,13,4.5385,79,844,0.9064,0,30,1.0,0,38,1.0,0,172,1.0,2,53,0.9623,0,216,1.0,1,49,0.9796,338,740,0.5432,22,279,0.9211,23,239,0.9038,2.8896,2780,761,797,595,18
30,55,100,0.45,3,8,0.625,73,14,4.2143,82,844,0.9028,0,31,1.0,0,39,1.0,0,178,1.0,2,53,0.9623,0,216,1.0,1,51,0.9804,340,766,0.5561,22,280,0.9214,23,247,0.9069,2.941,2827,758,797,601,18
31,57,101,0.4356,3,8,0.625,73,14,4.2143,83,844,0.9017,0,32,1.0,0,40,1.0,0,184,1.0,2,53,0.9623,0,216,1.0,1,53,0.9811,342,791,0.5676,23,280,0.9179,23,255,0.9098,2.9887,2871,758,797,607,18
32,59,101,0.4158,3,8,0.625,74,15,3.9333,85,844,0.8993,0,33,1.0,0,42,1.0,0,190,1.0,2,53,0.9623,0,217,1.0,1,55,0.9818,344,817,0.5789,23,281,0.9181,24,263,0.9087,3.0389,2919,760,797,615,18
33,59,102,0.4216,3,8,0.625,74,15,3.9333,87,845,0.897,0,34,1.0,0,43,1.0,0,196,1.0,2,53,0.9623,0,217,1.0,1,56,0.9821,346,843,0.5896,23,281,0.9181,24,272,0.9118,3.0916,2965,758,797,619,18
34,61,103,0.4078,3,8,0.625,75,16,3.6875,88,845,0.8959,0,35,1.0,0,44,1.0,0,202,1.0,2,53,0.9623,0,217,1.0,1,58,0.9828,347,868,0.6002,24,282,0.9149,24,280,0.9143,3.1418,3011,759,797,625,18
35,62,104,0.4038,3,8,0.625,75,16,3.6875,90,845,0.8935,0,36,1.0,0,46,1.0,0,208,1.0,2,53,0.9623,0,217,1.0,1,60,0.9833,349,894,0.6096,24,282,0.9149,24,288,0.9167,3.1932,3057,755,797,630,18
36,63,104,0.3942,3,8,0.625,75,17,3.4118,92,846,0.8913,0,37,1.0,0,47,1.0,0,214,1.0,2,53,0.9623,0,217,1.0,1,61,0.9836,350,919,0.6192,24,283,0.9152,24,296,0.9189,3.2422,3102,758,797,634,18
37,63,105,0.4,3,8,0.625,75,17,3.4118,95,846,0.8877,0,38,1.0,0,48,1.0,0,220,1.0,2,53,0.9623,0,217,1.0,1,63,0.9841,350,945,0.6296,24,284,0.9155,24,305,0.9213,3.2974,3149,757,797,637,18
38,63,106,0.4057,3,8,0.625,76,18,3.2222,95,846,0.8877,0,39,1.0,0,50,1.0,0,226,1.0,2,53,0.9623,0,218,1.0,1,65,0.9846,350,970,0.6392,24,284,0.9155,24,313,0.9233,3.3593,3196,756,796,638,19
39,63,107,0.4112,3,8,0.625,76,18,3.2222,99,846,0.883,0,40,1.0,0,51,1.0,0,232,1.0,2,53,0.9623,0,218,1.0,1,67,0.9851,350,996,0.6486,24,285,0.9158,24,321,0.9252,3.4164,3242,756,795,642,20
40,63,108,0.4167,3,8,0.625,76,19,3.0,99,847,0.8831,0,41,1.0,0,52,1.0,0,238,1.0,2,53,0.9623,0,218,1.0,1,68,0.9853,354,1021,0.6533,25,285,0.9123,24,329,0.9271,3.4642,3287,757,795,647,20
41,63,108,0.4167,3,8,0.625,76,19,3.0,100,847,0.8819,0,42,1.0,0,54,1.0,0,243,1.0,2,53,0.9623,0,218,1.0,1,70,0.9857,355,1047,0.6609,25,286,0.9126,24,338,0.929,3.5239,3333,757,794,649,21
42,64,109,0.4128,3,8,0.625,76,20,2.8,103,847,0.8784,0,43,1.0,0,55,1.0,0,249,1.0,2,53,0.9623,0,218,1.0,1,72,0.9861,356,1072,0.6679,25,286,0.9126,24,346,0.9306,3.5718,3378,756,794,654,21
43,64,110,0.4182,3,8,0.625,76,20,2.8,103,848,0.8785,0,44,1.0,0,56,1.0,0,255,1.0,2,53,0.9623,0,218,1.0,1,73,0.9863,356,1098,0.6758,25,287,0.9129,24,354,0.9322,3.6343,3424,755,793,654,22
44,64,111,0.4234,3,8,0.625,76,21,2.619,103,848,0.8785,0,45,1.0,0,58,1.0,0,261,1.0,2,54,0.963,1,219,0.9954,1,75,0.9867,357,1124,0.6824,26,287,0.9094,24,362,0.9337,3.6898,3473,755,793,657,22
45,64,111,0.4234,3,8,0.625,76,21,2.619,104,848,0.8774,0,45,1.0,0,59,1.0,0,267,1.0,2,54,0.963,1,219,0.9954,1,77,0.987,357,1149,0.6893,26,288,0.9097,24,371,0.9353,3.744,3517,757,793,658,22
46,64,112,0.4286,3,8,0.625,76,21,2.619,103,848,0.8785,0,45,1.0,0,60,1.0,0,273,1.0,2,54,0.963,1,219,0.9954,1,79,0.9873,357,1175,0.6962,26,289,0.91,24,379,0.9367,3.802,3562,756,793,657,22
47,64,113,0.4336,3,8,0.625,76,22,2.4545,104,849,0.8775,0,45,1.0,0,62,1.0,0,279,1.0,2,54,0.963,1,219,0.9954,1,80,0.9875,357,1200,0.7025,26,289,0.91,25,387,0.9354,3.8537,3607,754,793,659,22
48,64,114,0.4386,3,8,0.625,76,22,2.4545,104,849,0.8775,0,45,1.0,0,63,1.0,0,285,1.0,2,54,0.963,1,219,0.9954,1,82,0.9878,359,1226,0.7072,26,290,0.9103,25,395,0.9367,3.9079,3652,754,793,661,22
49,64,115,0.4435,3,8,0.625,76,23,2.3043,104,849,0.8775,0,45,1.0,0,64,1.0,0,291,1.0,2,54,0.963,1,219,0.9954,1,84,0.9881,360,1251,0.7122,27,290,0.9069,25,404,0.9381,3.9596,3697,754,793,663,22
50,64,115,0.4435,3,8,0.625,76,23,2.3043,105,850,0.8765,0,45,1.0,0,66,1.0,0,297,1.0,2,54,0.963,1,220,0.9955,1,86,0.9884,361,1277,0.7173,27,291,0.9072,25,412,0.9393,4.0164,3744,752,793,665,22
51,64,116,0.4483,3,8,0.625,76,24,2.1667,105,850,0.8765,0,46,1.0,1,67,0.9851,0,303,1.0,2,54,0.963,1,220,0.9955,1,87,0.9885,361,1302,0.7227,27,291,0.9072,25,420,0.9405,4.0681,3788,751,793,666,22
52,65,117,0.4444,3,8,0.625,75,24,2.125,106,850,0.8753,0,47,1.0,1,68,0.9853,0,309,1.0,2,54,0.963,1,220,0.9955,1,89,0.9888,362,1328,0.7274,27,292,0.9075,25,428,0.9416,4.1107,3834,752,795,668,20
53,65,118,0.4492,3,8,0.625,76,25,2.04,107,850,0.8741,0,47,1.0,1,70,0.9857,0,315,1.0,2,54,0.963,1,220,0.9955,1,91,0.989,363,1353,0.7317,27,292,0.9075,25,437,0.9428,4.1543,3880,752,797,671,18
54,65,118,0.4492,3,8,0.625,76,25,2.04,109,851,0.8719,0,48,1.0,1,71,0.9859,0,321,1.0,4,54,0.9259,1,220,0.9955,1,92,0.9891,364,1379,0.736,27,293,0.9078,25,445,0.9438,4.194,3925,754,799,676,16
55,65,119,0.4538,3,8,0.625,76,26,1.9231,110,851,0.8707,0,49,1.0,1,72,0.9861,0,327,1.0,4,54,0.9259,1,220,0.9955,1,94,0.9894,365,1405,0.7402,27,294,0.9082,25,453,0.9448,4.2319,3972,754,802,678,13
56,65,120,0.4583,3,8,0.625,76,26,1.9231,110,851,0.8707,0,50,1.0,1,73,0.9863,0,333,1.0,4,54,0.9259,1,220,0.9955,1,96,0.9896,367,1414,0.7405,27,297,0.9091,25,455,0.9451,4.2606,3997,753,802,680,13
57,65,121,0.4628,3,8,0.625,76,27,1.8148,111,852,0.8697,0,50,1.0,1,75,0.9867,0,339,1.0,4,54,0.9259,1,221,0.9955,1,98,0.9898,367,1423,0.7421,27,300,0.91,25,458,0.9454,4.293,4026,754,802,681,13
58,65,122,0.4672,3,8,0.625,75,27,1.7778,111,852,0.8697,0,51,1.0,1,76,0.9868,0,345,1.0,4,54,0.9259,1,221,0.9955,1,99,0.9899,367,1433,0.7439,28,303,0.9076,25,460,0.9457,4.3217,4051,754,802,681,13
59,65,122,0.4672,3,8,0.625,75,28,1.6786,111,852,0.8697,0,52,1.0,1,77,0.987,0,351,1.0,4,54,0.9259,1,221,0.9955,1,101,0.9901,367,1442,0.7455,28,306,0.9085,25,462,0.9459,4.3342,4076,753,805,681,10
60,65,123,0.4715,3,8,0.625,75,28,1.6786,112,853,0.8687,0,52,1.0,1,79,0.9873,0,357,1.0,4,54,0.9259,1,221,0.9955,1,103,0.9903,367,1452,0.7472,28,309,0.9094,25,465,0.9462,4.3461,4104,753,809,682,6
61,65,123,0.4715,3,10,0.7,75,29,1.5862,113,853,0.8675,0,53,1.0,1,80,0.9875,0,357,1.0,4,54,0.9259,1,221,0.9955,1,104,0.9904,369,1461,0.7474,28,313,0.9105,25,467,0.9465,4.3498,4125,752,812,685,3
62,65,123,0.4715,3,13,0.7692,75,29,1.5862,114,853,0.8664,0,54,1.0,1,81,0.9877,0,357,1.0,4,54,0.9259,1,222,0.9955,1,106,0.9906,370,1471,0.7485,28,316,0.9114,25,470,0.9468,4.3768,4149,752,812,687,3
63,65,123,0.4715,3,16,0.8125,75,30,1.5,114,853,0.8664,0,54,1.0,1,83,0.988,0,357,1.0,4,54,0.9259,1,222,0.9955,1,108,0.9907,371,1480,0.7493,28,319,0.9122,25,472,0.947,4.3948,4171,751,813,688,2
64,65,123,0.4715,3,19,0.8421,75,30,1.5,114,853,0.8664,0,55,1.0,1,84,0.9881,0,357,1.0,4,54,0.9259,1,222,0.9955,1,110,0.9909,371,1490,0.751,28,322,0.913,25,474,0.9473,4.4165,4193,750,814,688,1
65,65,123,0.4715,3,22,0.8636,75,31,1.4194,114,854,0.8665,0,55,1.0,1,85,0.9882,0,357,1.0,4,54,0.9259,1,223,0.9955,1,111,0.991,372,1499,0.7518,28,325,0.9138,25,477,0.9476,4.441,4216,751,814,689,1
66,65,123,0.4715,3,25,0.88,75,31,1.4194,114,854,0.8665,0,56,1.0,1,87,0.9885,0,357,1.0,4,54,0.9259,1,223,0.9955,1,113,0.9912,372,1509,0.7535,28,329,0.9149,25,479,0.9478,4.465,4240,752,815,689,0
67,65,123,0.4715,3,28,0.8929,74,32,1.3125,114,854,0.8665,0,56,1.0,1,88,0.9886,0,357,1.0,4,54,0.9259,1,223,0.9955,1,115,0.9913,374,1518,0.7536,28,332,0.9157,25,481,0.948,4.4792,4261,751,816,690,0
68,65,123,0.4715,3,31,0.9032,74,32,1.3125,115,854,0.8653,0,57,1.0,1,89,0.9888,0,357,1.0,4,54,0.9259,1,224,0.9955,1,116,0.9914,374,1527,0.7551,28,335,0.9164,25,484,0.9483,4.5049,4283,750,816,691,0
69,65,123,0.4715,3,34,0.9118,74,32,1.3125,117,855,0.8632,0,57,1.0,1,91,0.989,0,357,1.0,4,54,0.9259,1,224,0.9955,1,118,0.9915,374,1537,0.7567,29,338,0.9142,25,486,0.9486,4.5239,4306,753,817,694,0
70,65,123,0.4715,3,36,0.9167,75,33,1.2727,117,855,0.8632,0,58,1.0,1,92,0.9891,0,357,1.0,4,54,0.9259,1,224,0.9955,1,120,0.9917,374,1546,0.7581,29,341,0.915,25,488,0.9488,4.5428,4327,752,818,695,0
71,65,123,0.4715,3,39,0.9231,76,33,1.303,118,855,0.862,0,59,1.0,1,93,0.9892,0,357,1.0,4,54,0.9259,1,224,0.9955,1,122,0.9918,374,1556,0.7596,29,345,0.9159,25,491,0.9491,4.5721,4351,752,818,697,0
72,66,123,0.4634,3,42,0.9286,76,34,1.2353,118,855,0.862,0,59,1.0,1,95,0.9895,0,357,1.0,4,54,0.9259,1,225,0.9956,1,123,0.9919,374,1565,0.761,29,348,0.9167,25,493,0.9493,4.5897,4373,752,819,698,0
73,66,123,0.4634,3,45,0.9333,77,34,1.2647,118,856,0.8621,0,60,1.0,1,96,0.9896,0,357,1.0,4,54,0.9259,1,225,0.9956,1,125,0.992,375,1575,0.7619,29,351,0.9174,25,496,0.9496,4.6134,4397,751,820,700,0
74,66,123,0.4634,3,48,0.9375,77,35,1.2,118,856,0.8621,0,60,1.0,1,97,0.9897,0,357,1.0,5,54,0.9074,3,225,0.9867,1,127,0.9921,376,1584,0.7626,29,354,0.9181,25,498,0.9498,4.6317,4418,752,820,704,0
75,66,123,0.4634,3,51,0.9412,77,35,1.2,118,856,0.8621,0,61,1.0,2,99,0.9798,0,357,1.0,5,54,0.9074,3,226,0.9867,1,129,0.9922,377,1594,0.7635,29,357,0.9188,25,500,0.95,4.6529,4442,752,821,706,0
76,66,123,0.4634,3,54,0.9444,77,36,1.1389,119,856,0.861,0,61,1.0,2,100,0.98,0,357,1.0,5,54,0.9074,3,226,0.9867,1,130,0.9923,377,1603,0.7648,30,361,0.9169,25,503,0.9503,4.6691,4464,752,822,708,0
77,67,123,0.4553,3,57,0.9474,77,36,1.1389,119,857,0.8611,0,62,1.0,2,101,0.9802,0,357,1.0,6,54,0.8889,3,226,0.9867,1,132,0.9924,377,1613,0.7663,30,363,0.9174,25,503,0.9503,4.691,4484,754,822,710,0
78,67,123,0.4553,3,60,0.95,77,37,1.0811,119,857,0.8611,0,62,1.0,2,103,0.9806,0,357,1.0,6,54,0.8889,3,227,0.9868,1,134,0.9925,377,1622,0.7676,30,365,0.9178,25,503,0.9503,4.7129,4504,754,822,710,0
79,67,123,0.4553,3,62,0.9516,78,37,1.1081,120,857,0.86,0,63,1.0,2,104,0.9808,0,357,1.0,6,54,0.8889,3,227,0.9868,1,135,0.9926,379,1631,0.7676,30,367,0.9183,25,503,0.9503,4.7242,4520,754,823,714,0
80,66,123,0.4634,3,65,0.9538,78,38,1.0526,120,857,0.86,0,63,1.0,2,105,0.981,0,357,1.0,6,54,0.8889,3,227,0.9868,1,137,0.9927,378,1641,0.7697,31,369,0.916,25,503,0.9503,4.6947,4539,756,832,713,0
81,66,123,0.4634,3,68,0.9559,78,38,1.0526,120,857,0.86,0,64,1.0,3,107,0.972,0,357,1.0,6,54,0.8889,3,227,0.9868,1,139,0.9928,379,1650,0.7703,31,371,0.9164,25,503,0.9503,4.6591,4558,759,842,715,0
82,66,123,0.4634,3,71,0.9577,78,39,1.0,121,858,0.859,0,65,1.0,3,108,0.9722,0,357,1.0,6,54,0.8889,3,228,0.9868,1,141,0.9929,380,1660,0.7711,31,373,0.9169,25,503,0.9503,4.631,4580,765,851,717,0
83,66,123,0.4634,3,74,0.9595,78,39,1.0,120,858,0.8601,0,65,1.0,3,109,0.9725,0,357,1.0,6,54,0.8889,3,228,0.9868,1,142,0.993,381,1669,0.7717,32,375,0.9147,25,503,0.9503,4.5947,4596,769,861,718,0
84,66,123,0.4634,4,77,0.9481,78,40,0.95,120,858,0.8601,0,66,1.0,3,110,0.9727,0,357,1.0,6,54,0.8889,3,228,0.9868,1,144,0.9931,381,1679,0.7731,33,377,0.9125,25,503,0.9503,4.6132,4616,772,861,720,0
85,66,123,0.4634,4,80,0.95,78,40,0.95,122,858,0.8578,0,66,1.0,3,112,0.9732,0,357,1.0,6,54,0.8889,3,229,0.9869,1,146,0.9932,381,1688,0.7743,33,379,0.9129,25,503,0.9503,4.633,4635,777,861,722,0
86,66,123,0.4634,4,83,0.9518,78,41,0.9024,122,859,0.858,0,67,1.0,3,113,0.9735,0,357,1.0,6,54,0.8889,3,229,0.9869,1,147,0.9932,381,1698,0.7756,33,381,0.9134,25,503,0.9503,4.6539,4655,777,861,722,0
87,66,123,0.4634,4,85,0.9529,78,41,0.9024,122,859,0.858,0,67,1.0,3,114,0.9737,0,357,1.0,6,54,0.8889,3,229,0.9869,1,149,0.9933,382,1707,0.7762,33,383,0.9138,25,503,0.9503,4.6713,4671,778,861,723,0
88,66,123,0.4634,4,88,0.9545,78,42,0.8571,123,859,0.8568,0,68,1.0,3,116,0.9741,0,357,1.0,6,54,0.8889,3,230,0.987,1,151,0.9934,382,1717,0.7775,33,385,0.9143,25,503,0.9503,4.6879,4693,779,862,724,0
89,66,123,0.4634,4,91,0.956,78,42,0.8571,124,859,0.8556,0,68,1.0,3,117,0.9744,0,357,1.0,6,54,0.8889,3,230,0.987,1,153,0.9935,382,1726,0.7787,33,387,0.9147,25,503,0.9503,4.7065,4710,778,862,725,0
90,67,123,0.4553,4,94,0.9574,78,43,0.814,124,860,0.8558,0,69,1.0,3,118,0.9746,0,357,1.0,6,54,0.8889,3,230,0.987,1,154,0.9935,382,1736,0.78,33,390,0.9154,25,503,0.9503,4.7219,4731,779,863,726,0
91,67,123,0.4553,4,97,0.9588,78,43,0.814,124,860,0.8558,0,70,1.0,3,120,0.975,0,357,1.0,6,54,0.8889,3,230,0.987,1,156,0.9936,384,1738,0.7791,33,395,0.9165,25,503,0.9503,4.6507,4746,785,879,728,0
92,67,123,0.4553,4,97,0.9588,78,43,0.814,124,860,0.8558,0,70,1.0,3,121,0.9752,0,357,1.0,6,54,0.8889,3,231,0.987,1,157,0.9936,386,1741,0.7783,33,400,0.9175,25,503,0.9503,4.661,4757,789,879,730,0
93,68,123,0.4472,4,97,0.9588,78,44,0.7727,124,860,0.8558,0,70,1.0,3,122,0.9754,0,357,1.0,6,54,0.8889,3,231,0.987,1,158,0.9937,385,1744,0.7792,33,405,0.9185,27,503,0.9463,4.6689,4768,789,879,732,0
94,69,123,0.439,4,97,0.9588,78,44,0.7727,125,861,0.8548,0,69,1.0,3,124,0.9758,0,357,1.0,6,54,0.8889,3,231,0.987,1,158,0.9937,386,1746,0.7789,33,410,0.9195,27,503,0.9463,4.6758,4777,790,879,735,0
95,69,123,0.439,4,97,0.9588,79,45,0.7556,125,861,0.8548,0,69,1.0,3,125,0.976,0,357,1.0,6,54,0.8889,3,231,0.987,1,159,0.9937,386,1749,0.7793,33,415,0.9205,27,503,0.9463,4.6871,4788,790,879,736,0
96,69,123,0.439,4,97,0.9588,79,45,0.7556,125,861,0.8548,0,69,1.0,3,126,0.9762,0,357,1.0,6,54,0.8889,3,231,0.987,1,160,0.9938,386,1752,0.7797,35,420,0.9167,27,503,0.9463,4.6962,4798,789,879,738,0
97,69,123,0.439,4,97,0.9588,79,46,0.7174,125,861,0.8548,0,69,1.0,3,128,0.9766,0,357,1.0,7,54,0.8704,3,232,0.9871,1,161,0.9938,386,1754,0.7799,35,425,0.9176,27,503,0.9463,4.5916,4810,798,901,739,0
98,69,123,0.439,4,97,0.9588,78,46,0.6957,125,861,0.8548,0,69,1.0,3,129,0.9767,0,357,1.0,7,54,0.8704,3,232,0.9871,1,162,0.9938,388,1757,0.7792,35,430,0.9186,27,503,0.9463,4.4897,4820,805,923,740,0
99,68,123,0.4472,4,97,0.9588,79,47,0.6809,125,862,0.855,0,69,1.0,3,130,0.9769,0,357,1.0,7,54,0.8704,3,232,0.9871,1,162,0.9938,391,1760,0.7778,35,435,0.9195,27,503,0.9463,4.3937,4831,817,945,743,0
100,67,123,0.4553,4,97,0.9588,80,47,0.7021,127,862,0.8527,0,69,1.0,3,132,0.9773,0,357,1.0,7,54,0.8704,3,232,0.9871,1,163,0.9939,392,1762,0.7775,35,440,0.9205,27,503,0.9463,4.3939,4841,824,947,746,0
101,67,123,0.4553,4,97,0.9588,80,48,0.6667,129,862,0.8503,0,69,1.0,3,133,0.9774,0,357,1.0,7,55,0.8727,3,232,0.9871,1,164,0.9939,394,1765,0.7768,35,445,0.9213,27,503,0.9463,4.3863,4853,827,950,750,0
102,67,123,0.4553,4,97,0.9588,80,48,0.6667,129,862,0.8503,0,69,1.0,3,134,0.9776,0,357,1.0,7,55,0.8727,3,233,0.9871,1,165,0.9939,399,1768,0.7743,35,450,0.9222,27,503,0.9463,4.3788,4864,831,953,755,0
103,68,123,0.4472,4,97,0.9588,80,49,0.6327,130,863,0.8494,0,69,1.0,3,136,0.9779,0,357,1.0,7,55,0.8727,3,233,0.9871,1,166,0.994,399,1770,0.7746,35,455,0.9231,27,503,0.9463,4.378,4876,832,955,757,0
104,68,123,0.4472,4,97,0.9588,80,49,0.6327,132,863,0.847,0,69,1.0,3,137,0.9781,0,357,1.0,7,55,0.8727,3,233,0.9871,1,166,0.994,401,1773,0.7738,35,460,0.9239,27,503,0.9463,4.3695,4885,835,958,761,0
105,69,123,0.439,4,97,0.9588,82,50,0.64,132,863,0.847,0,69,1.0,3,138,0.9783,0,357,1.0,7,55,0.8727,3,233,0.9871,1,167,0.994,403,1776,0.7731,35,465,0.9247,27,503,0.9463,4.3642,4896,836,961,766,0
106,69,123,0.439,4,97,0.9588,82,50,0.64,132,863,0.847,0,69,1.0,3,140,0.9786,0,357,1.0,7,55,0.8727,3,233,0.9871,1,168,0.994,403,1778,0.7733,35,470,0.9255,27,503,0.9463,4.3655,4906,836,963,766,0
107,70,123,0.4309,4,97,0.9588,82,51,0.6078,132,864,0.8472,0,69,1.0,3,141,0.9787,0,357,1.0,7,55,0.8727,3,234,0.9872,1,169,0.9941,403,1781,0.7737,35,475,0.9263,27,503,0.9463,4.3623,4919,836,966,767,0
108,70,123,0.4309,4,97,0.9588,82,51,0.6078,132,864,0.8472,0,69,1.0,3,142,0.9789,0,357,1.0,8,55,0.8545,3,234,0.9872,1,170,0.9941,402,1784,0.7747,35,480,0.9271,28,503,0.9443,4.3581,4929,840,969,768,0
109,70,123,0.4309,4,97,0.9588,82,52,0.5769,134,864,0.8449,0,69,1.0,5,144,0.9653,0,357,1.0,8,55,0.8545,3,234,0.9872,1,170,0.9941,403,1786,0.7744,35,485,0.9278,28,503,0.9443,4.3522,4939,840,971,773,0
110,70,123,0.4309,4,97,0.9588,83,52,0.5962,135,864,0.8438,0,69,1.0,5,145,0.9655,0,357,1.0,8,55,0.8545,3,234,0.9872,1,171,0.9942,403,1789,0.7747,36,490,0.9265,28,503,0.9443,4.348,4949,840,974,776,0
111,70,123,0.4309,4,97,0.9588,84,53,0.5849,137,865,0.8416,0,69,1.0,5,146,0.9658,0,357,1.0,8,55,0.8545,3,234,0.9872,1,172,0.9942,403,1792,0.7751,36,495,0.9273,28,503,0.9443,4.3439,4961,842,977,779,0
112,70,123,0.4309,4,97,0.9588,84,53,0.5849,137,865,0.8416,0,69,1.0,5,147,0.966,0,357,1.0,8,55,0.8545,3,235,0.9872,1,173,0.9942,408,1794,0.7726,36,500,0.928,28,503,0.9443,4.3357,4971,843,980,784,0
113,71,123,0.4228,4,97,0.9588,86,54,0.5926,137,865,0.8416,0,69,1.0,5,149,0.9664,0,357,1.0,8,55,0.8545,3,235,0.9872,1,174,0.9943,408,1797,0.773,36,505,0.9287,28,503,0.9443,4.3469,4983,843,980,787,0
114,71,123,0.4228,4,97,0.9588,87,54,0.6111,138,865,0.8405,0,69,1.0,5,150,0.9667,0,357,1.0,8,55,0.8545,3,235,0.9872,1,174,0.9943,408,1800,0.7733,36,510,0.9294,28,503,0.9443,4.3561,4992,843,980,789,0
115,71,123,0.4228,4,97,0.9588,87,54,0.6111,138,866,0.8406,0,69,1.0,5,151,0.9669,0,357,1.0,8,55,0.8545,3,235,0.9872,1,175,0.9943,407,1803,0.7743,36,515,0.9301,29,503,0.9423,4.3673,5003,842,980,789,0
116,72,123,0.4146,4,97,0.9588,86,55,0.5636,138,866,0.8406,0,69,1.0,5,153,0.9673,0,357,1.0,8,55,0.8545,3,235,0.9872,1,176,0.9943,407,1805,0.7745,38,520,0.9269,29,503,0.9423,4.3724,5014,843,980,791,0
117,72,123,0.4146,4,97,0.9588,86,55,0.5636,138,866,0.8406,0,69,1.0,6,154,0.961,0,357,1.0,8,55,0.8545,3,236,0.9873,1,177,0.9944,408,1808,0.7743,38,525,0.9276,29,503,0.9423,4.3816,5025,843,980,793,0
118,72,123,0.4146,4,97,0.9588,86,56,0.5357,138,866,0.8406,0,69,1.0,6,155,0.9613,0,357,1.0,8,55,0.8545,3,236,0.9873,1,178,0.9944,408,1811,0.7747,38,530,0.9283,29,503,0.9423,4.3908,5036,843,980,793,0
119,72,123,0.4146,4,97,0.9588,86,56,0.5357,139,866,0.8395,0,69,1.0,6,157,0.9618,0,357,1.0,8,55,0.8545,3,236,0.9873,1,178,0.9944,409,1813,0.7744,38,535,0.929,29,503,0.9423,4.398,5045,843,980,795,0
120,72,123,0.4146,4,97,0.9588,86,57,0.5088,139,867,0.8397,0,69,1.0,6,158,0.962,0,357,1.0,8,55,0.8545,3,236,0.9873,1,179,0.9944,410,1816,0.7742,38,540,0.9296,30,503,0.9404,4.4061,5057,843,980,797,0
121,72,123,0.4146,4,97,0.9588,86,57,0.5088,139,867,0.8397,0,69,1.0,6,159,0.9623,0,357,1.0,8,55,0.8545,3,236,0.9873,1,180,0.9944,410,1819,0.7746,38,545,0.9303,30,503,0.9404,4.4163,5067,843,980,797,0
122,72,123,0.4146,4,101,0.9604,86,58,0.4828,139,867,0.8397,0,69,1.0,6,161,0.9627,0,357,1.0,8,55,0.8545,3,237,0.9873,1,181,0.9945,410,1821,0.7748,38,551,0.931,30,503,0.9404,4.4136,5084,842,984,797,0
123,73,123,0.4065,4,106,0.9623,86,58,0.4828,139,867,0.8397,0,69,1.0,6,162,0.963,0,357,1.0,8,55,0.8545,3,237,0.9873,1,182,0.9945,413,1824,0.7736,38,553,0.9313,30,503,0.9404,4.4038,5096,844,988,801,0
124,72,124,0.4194,4,110,0.9636,87,59,0.4746,143,868,0.8353,0,69,1.0,6,163,0.9632,0,357,1.0,8,55,0.8545,3,237,0.9873,1,182,0.9945,414,1827,0.7734,38,556,0.9317,30,503,0.9404,4.3907,5110,845,993,806,0
125,73,124,0.4113,4,114,0.9649,87,59,0.4746,143,868,0.8353,0,69,1.0,6,165,0.9636,0,357,1.0,8,55,0.8545,3,237,0.9873,1,183,0.9945,414,1829,0.7736,38,558,0.9319,30,503,0.9404,4.3831,5121,847,997,807,0
126,74,124,0.4032,4,119,0.9664,87,60,0.45,143,868,0.8353,0,69,1.0,6,166,0.9639,0,357,1.0,8,55,0.8545,3,237,0.9873,1,184,0.9946,414,1832,0.774,38,561,0.9323,30,503,0.9404,4.3766,5135,849,1001,808,0
127,75,124,0.3952,4,123,0.9675,87,60,0.45,143,868,0.8353,0,69,1.0,6,167,0.9641,0,357,1.0,8,55,0.8545,3,238,0.9874,1,185,0.9946,415,1835,0.7738,38,563,0.9325,30,503,0.9404,4.3648,5147,853,1006,810,0
128,75,124,0.3952,4,127,0.9685,87,61,0.4262,144,869,0.8343,0,69,1.0,6,169,0.9645,0,357,1.0,8,55,0.8545,3,238,0.9874,1,186,0.9946,416,1837,0.7735,39,566,0.9311,30,503,0.9404,4.3564,5161,854,1010,813,0
129,76,124,0.3871,4,132,0.9697,87,61,0.4262,144,869,0.8343,0,69,1.0,6,170,0.9647,0,357,1.0,8,55,0.8545,3,238,0.9874,1,186,0.9946,416,1840,0.7739,39,568,0.9313,30,503,0.9404,4.3491,5172,855,1014,814,0
130,78,124,0.371,4,136,0.9706,88,62,0.4194,145,869,0.8331,0,69,1.0,6,171,0.9649,0,357,1.0,8,55,0.8545,3,238,0.9874,1,187,0.9947,420,1843,0.7721,39,571,0.9317,30,503,0.9404,4.3327,5185,863,1019,822,0
131,78,124,0.371,4,140,0.9714,89,62,0.4355,145,869,0.8331,0,69,1.0,6,173,0.9653,0,357,1.0,8,55,0.8545,3,238,0.9874,1,188,0.9947,420,1845,0.7724,39,574,0.9321,30,503,0.9404,4.3284,5197,865,1023,823,0
132,78,124,0.371,4,144,0.9722,89,63,0.4127,145,870,0.8333,0,69,1.0,6,174,0.9655,0,357,1.0,8,55,0.8545,3,239,0.9874,1,189,0.9947,419,1848,0.7733,40,576,0.9306,30,503,0.9404,4.3191,5211,867,1028,823,0
133,78,125,0.376,4,149,0.9732,88,63,0.3968,145,870,0.8333,0,69,1.0,6,175,0.9657,0,357,1.0,8,55,0.8545,3,239,0.9874,1,190,0.9947,419,1851,0.7736,40,579,0.9309,31,503,0.9384,4.3265,5225,867,1029,823,0
134,78,125,0.376,4,153,0.9739,89,64,0.3906,145,870,0.8333,0,69,1.0,6,177,0.9661,0,357,1.0,8,55,0.8545,3,239,0.9874,1,190,0.9947,420,1853,0.7733,40,581,0.9312,31,503,0.9384,4.3269,5236,868,1031,825,0
135,78,125,0.376,4,157,0.9745,89,64,0.3906,147,870,0.831,0,69,1.0,6,178,0.9663,0,357,1.0,8,55,0.8545,3,239,0.9874,1,191,0.9948,421,1856,0.7732,40,584,0.9315,31,503,0.9384,4.3272,5248,867,1033,828,0
136,79,125,0.368,4,162,0.9753,91,65,0.4,147,870,0.831,0,69,1.0,6,179,0.9665,0,357,1.0,8,55,0.8545,3,239,0.9874,1,192,0.9948,420,1859,0.7741,40,586,0.9317,32,503,0.9364,4.3304,5261,870,1035,831,0
137,79,125,0.368,4,166,0.9759,91,65,0.4,147,871,0.8312,0,69,1.0,6,181,0.9669,0,357,1.0,8,55,0.8545,3,240,0.9875,1,193,0.9948,420,1862,0.7744,41,589,0.9304,32,503,0.9364,4.3356,5276,872,1037,832,0
138,79,125,0.368,4,170,0.9765,91,65,0.4,147,871,0.8312,0,69,1.0,6,182,0.967,0,357,1.0,8,55,0.8545,3,240,0.9875,1,193,0.9948,420,1864,0.7747,41,592,0.9307,32,503,0.9364,4.3161,5286,875,1044,832,0
139,79,125,0.368,4,175,0.9771,91,66,0.3788,147,871,0.8312,0,69,1.0,6,183,0.9672,0,357,1.0,8,55,0.8545,3,240,0.9875,1,193,0.9948,421,1867,0.7745,41,594,0.931,32,503,0.9364,4.2918,5298,876,1052,833,0
140,79,125,0.368,4,179,0.9777,92,66,0.3939,146,871,0.8324,0,70,1.0,6,184,0.9674,0,357,1.0,8,55,0.8545,3,240,0.9875,1,193,0.9948,421,1870,0.7749,41,597,0.9313,32,503,0.9364,4.2726,5310,879,1060,833,0
141,79,125,0.368,4,183,0.9781,93,67,0.3881,148,872,0.8303,0,70,1.0,6,186,0.9677,0,357,1.0,8,55,0.8545,3,240,0.9875,1,193,0.9948,423,1872,0.774,41,599,0.9316,32,503,0.9364,4.2472,5322,886,1068,838,0
142,78,126,0.381,4,188,0.9787,94,67,0.403,149,872,0.8291,0,70,1.0,6,187,0.9679,0,357,1.0,8,55,0.8545,3,241,0.9876,1,193,0.9948,425,1875,0.7733,41,602,0.9319,32,503,0.9364,4.2316,5336,889,1075,841,0
143,78,126,0.381,4,192,0.9792,95,68,0.3971,150,872,0.828,0,71,1.0,7,188,0.9628,0,357,1.0,8,55,0.8545,3,241,0.9876,1,193,0.9948,425,1878,0.7737,41,604,0.9321,32,503,0.9364,4.2087,5348,893,1083,844,0
144,80,126,0.3651,4,196,0.9796,96,68,0.4118,150,872,0.828,0,71,1.0,7,190,0.9632,0,357,1.0,8,55,0.8545,3,241,0.9876,1,193,0.9948,426,1880,0.7734,42,607,0.9308,31,503,0.9384,4.1861,5359,902,1091,848,0
145,80,126,0.3651,5,201,0.9751,96,69,0.3913,150,873,0.8282,0,71,1.0,8,191,0.9581,0,357,1.0,8,55,0.8545,3,241,0.9876,1,193,0.9948,428,1883,0.7727,42,610,0.9311,31,503,0.9384,4.1629,5373,907,1099,852,0
146,80,126,0.3651,5,205,0.9756,96,69,0.3913,150,873,0.8282,0,72,1.0,8,192,0.9583,0,357,1.0,8,55,0.8545,3,241,0.9876,1,193,0.9948,431,1886,0.7715,42,612,0.9314,31,503,0.9384,4.155,5384,909,1103,855,0
147,81,126,0.3571,5,209,0.9761,96,70,0.3714,151,873,0.827,0,72,1.0,8,194,0.9588,0,357,1.0,8,55,0.8545,3,242,0.9876,1,193,0.9948,431,1888,0.7717,42,615,0.9317,31,503,0.9384,4.1444,5397,912,1108,857,0
148,80,126,0.3651,5,214,0.9766,96,70,0.3714,152,873,0.8259,0,72,1.0,8,195,0.959,0,357,1.0,8,55,0.8545,3,242,0.9876,1,193,0.9948,431,1891,0.7721,42,617,0.9319,31,503,0.9384,4.1394,5408,912,1112,857,0
149,80,126,0.3651,5,218,0.9771,96,71,0.3521,152,874,0.8261,0,73,1.0,8,196,0.9592,0,357,1.0,8,55,0.8545,4,242,0.9835,1,193,0.9948,432,1894,0.7719,42,620,0.9323,32,503,0.9364,4.1289,5422,914,1117,860,0
150,82,126,0.3492,5,222,0.9775,96,71,0.3521,153,874,0.8249,0,73,1.0,8,198,0.9596,0,357,1.0,8,55,0.8545,4,242,0.9835,1,193,0.9948,433,1896,0.7716,42,622,0.9325,32,503,0.9364,4.1195,5432,918,1121,864,0
151,83,127,0.3465,5,227,0.978,98,72,0.3611,154,874,0.8238,0,73,1.0,8,199,0.9598,0,357,1.0,8,55,0.8545,4,242,0.9835,1,193,0.9948,433,1899,0.772,42,625,0.9328,32,503,0.9364,4.1119,5446,922,1126,868,0
152,83,127,0.3465,5,231,0.9784,101,72,0.4028,156,874,0.8215,0,74,1.0,8,200,0.96,0,357,1.0,8,55,0.8545,4,243,0.9835,1,193,0.9948,433,1902,0.7723,42,628,0.9331,32,503,0.9364,4.1061,5459,924,1131,873,0
153,83,127,0.3465,5,232,0.9784,101,73,0.3836,156,874,0.8215,0,74,1.0,8,202,0.9604,0,357,1.0,8,55,0.8545,4,243,0.9835,1,193,0.9948,436,1904,0.771,42,630,0.9333,32,503,0.9364,3.9718,5467,933,1170,876,0
154,83,127,0.3465,5,234,0.9786,101,73,0.3836,157,875,0.8206,0,74,1.0,8,203,0.9606,0,357,1.0,8,55,0.8545,4,243,0.9835,1,193,0.9948,436,1907,0.7714,42,633,0.9336,34,503,0.9324,3.9778,5477,943,1170,879,0
155,82,127,0.3543,5,235,0.9787,101,74,0.3649,158,875,0.8194,0,75,1.0,9,204,0.9559,0,357,1.0,8,55,0.8545,4,243,0.9835,1,193,0.9948,437,1910,0.7712,42,635,0.9339,34,503,0.9324,3.9821,5486,944,1170,881,0
156,82,127,0.3543,5,236,0.9788,102,74,0.3784,159,875,0.8183,0,75,1.0,9,206,0.9563,0,357,1.0,8,55,0.8545,4,243,0.9835,1,193,0.9948,437,1912,0.7714,42,638,0.9342,34,503,0.9324,3.9889,5494,944,1170,883,0
157,82,127,0.3543,5,238,0.979,102,75,0.36,160,875,0.8171,0,76,1.0,9,207,0.9565,0,357,1.0,8,56,0.8571,4,243,0.9835,1,193,0.9948,438,1915,0.7713,42,640,0.9344,34,503,0.9324,3.9949,5505,947,1170,885,0
158,82,127,0.3543,5,239,0.9791,102,75,0.36,160,876,0.8174,0,76,1.0,9,208,0.9567,0,357,1.0,8,56,0.8571,4,244,0.9836,1,193,0.9948,439,1918,0.7711,42,643,0.9347,34,503,0.9324,3.9991,5515,949,1171,886,0
159,82,127,0.3543,5,240,0.9792,102,76,0.3421,160,876,0.8174,0,76,1.0,9,210,0.9571,0,357,1.0,8,56,0.8571,4,244,0.9836,1,193,0.9948,439,1921,0.7715,42,646,0.935,34,503,0.9324,4.006,5525,948,1171,886,0
160,82,127,0.3543,5,242,0.9793,102,76,0.3421,160,876,0.8174,0,77,1.0,9,211,0.9573,0,357,1.0,8,56,0.8571,4,244,0.9836,1,193,0.9948,439,1923,0.7717,43,648,0.9336,34,503,0.9324,4.012,5533,948,1171,887,0
161,82,127,0.3543,5,243,0.9794,102,76,0.3421,162,876,0.8151,0,77,1.0,9,212,0.9575,0,357,1.0,8,56,0.8571,4,244,0.9836,1,193,0.9948,443,1926,0.77,43,651,0.9339,34,503,0.9324,4.0137,5541,948,1171,893,0
162,82,127,0.3543,5,244,0.9795,102,77,0.3247,162,877,0.8153,0,77,1.0,9,214,0.9579,0,357,1.0,8,56,0.8571,4,244,0.9836,1,193,0.9948,446,1929,0.7688,43,653,0.9342,34,503,0.9324,4.0179,5551,946,1171,896,0
163,84,127,0.3386,5,246,0.9797,102,77,0.3247,163,877,0.8141,0,78,1.0,9,215,0.9581,0,357,1.0,8,56,0.8571,4,245,0.9837,1,193,0.9948,447,1931,0.7685,43,656,0.9345,34,503,0.9324,4.0196,5561,948,1172,900,0
164,84,127,0.3386,5,247,0.9798,102,78,0.3077,164,877,0.813,0,78,1.0,9,216,0.9583,0,357,1.0,8,56,0.8571,4,245,0.9837,1,193,0.9948,448,1934,0.7684,43,658,0.9347,35,503,0.9304,3.9547,5569,952,1192,903,0
165,84,127,0.3386,5,248,0.9798,102,78,0.3077,164,877,0.813,0,78,1.0,9,218,0.9587,0,357,1.0,8,56,0.8571,4,245,0.9837,1,193,0.9948,450,1937,0.7677,43,661,0.9349,35,503,0.9304,3.8952,5578,966,1212,905,0
166,84,127,0.3386,5,250,0.98,103,79,0.3038,165,878,0.8121,0,79,1.0,9,219,0.9589,0,357,1.0,8,56,0.8571,4,245,0.9837,1,193,0.9948,452,1939,0.7669,44,664,0.9337,35,503,0.9304,3.8369,5589,978,1232,910,0
167,84,127,0.3386,5,251,0.9801,103,79,0.3038,167,878,0.8098,0,79,1.0,9,220,0.9591,0,357,1.0,8,56,0.8571,4,245,0.9837,1,193,0.9948,454,1942,0.7662,44,666,0.9339,35,503,0.9304,3.8269,5596,985,1236,914,0
168,85,127,0.3307,5,252,0.9802,103,80,0.2875,170,878,0.8064,0,79,1.0,9,221,0.9593,0,357,1.0,8,56,0.8571,4,246,0.9837,1,193,0.9948,456,1945,0.7656,45,669,0.9327,35,503,0.9304,3.8184,5606,993,1239,921,0
169,85,127,0.3307,5,254,0.9803,103,80,0.2875,172,878,0.8041,0,80,1.0,9,223,0.9596,0,357,1.0,8,56,0.8571,4,246,0.9837,1,193,0.9948,457,1947,0.7653,45,671,0.9329,35,503,0.9304,3.814,5615,995,1242,924,0
170,85,127,0.3307,5,255,0.9804,103,81,0.2716,173,879,0.8032,0,80,1.0,9,224,0.9598,0,357,1.0,8,56,0.8571,4,246,0.9837,1,193,0.9948,457,1950,0.7656,45,674,0.9332,35,503,0.9304,3.8104,5625,996,1245,925,0
171,85,127,0.3307,5,256,0.9805,103,81,0.2716,176,879,0.7998,0,80,1.0,9,225,0.96,0,357,1.0,8,56,0.8571,4,246,0.9837,1,193,0.9948,457,1953,0.766,45,676,0.9334,35,503,0.9304,3.8045,5632,1000,1248,928,0
172,85,127,0.3307,5,258,0.9806,103,82,0.2561,176,879,0.7998,0,81,1.0,9,227,0.9604,0,357,1.0,8,56,0.8571,4,246,0.9837,1,193,0.9948,457,1955,0.7662,45,679,0.9337,35,503,0.9304,3.8026,5643,1000,1251,928,0
173,85,127,0.3307,5,259,0.9807,103,82,0.2561,178,879,0.7975,0,81,1.0,9,228,0.9605,0,357,1.0,8,56,0.8571,4,247,0.9838,1,193,0.9948,458,1958,0.7661,45,682,0.934,35,503,0.9304,3.7982,5652,1004,1254,931,0
174,86,127,0.3228,5,260,0.9808,102,83,0.2289,178,879,0.7975,0,81,1.0,9,229,0.9607,0,357,1.0,8,56,0.8571,4,247,0.9838,1,193,0.9948,461,1961,0.7649,46,684,0.9327,35,503,0.9304,3.7892,5660,1006,1257,935,0
175,85,127,0.3307,5,262,0.9809,102,83,0.2289,178,880,0.7977,0,82,1.0,9,231,0.961,0,357,1.0,9,56,0.8393,4,247,0.9838,1,193,0.9948,461,1963,0.7652,46,687,0.933,35,503,0.9304,3.7889,5671,1006,1260,935,0
176,85,127,0.3307,5,263,0.981,102,84,0.2143,178,880,0.7977,0,82,1.0,9,232,0.9612,0,357,1.0,9,56,0.8393,4,247,0.9838,1,193,0.9948,461,1966,0.7655,46,689,0.9332,35,503,0.9304,3.7937,5679,1009,1260,935,0
177,85,127,0.3307,5,264,0.9811,103,84,0.2262,178,880,0.7977,0,82,1.0,9,233,0.9614,0,357,1.0,9,56,0.8393,4,247,0.9838,1,193,0.9948,463,1969,0.7649,46,692,0.9335,35,503,0.9304,3.7962,5687,1009,1261,938,0
178,85,127,0.3307,5,266,0.9812,104,85,0.2235,182,880,0.7932,0,83,1.0,9,235,0.9617,0,357,1.0,9,56,0.8393,4,248,0.9839,1,193,0.9948,462,1971,0.7656,46,694,0.9337,35,503,0.9304,3.7987,5698,1010,1262,942,0
179,85,127,0.3307,5,267,0.9813,104,85,0.2235,183,881,0.7923,0,83,1.0,9,236,0.9619,0,357,1.0,10,56,0.8214,4,248,0.9839,1,193,0.9948,463,1974,0.7655,46,697,0.934,36,503,0.9284,3.8027,5707,1011,1262,946,0
180,85,127,0.3307,5,268,0.9813,104,86,0.2093,183,881,0.7923,0,83,1.0,10,237,0.9578,0,357,1.0,10,56,0.8214,4,248,0.9839,1,193,0.9948,464,1977,0.7653,46,700,0.9343,36,503,0.9284,3.8036,5716,1011,1263,948,0
181,85,127,0.3307,5,270,0.9815,104,86,0.2093,183,881,0.7923,0,84,1.0,10,239,0.9582,0,357,1.0,10,56,0.8214,4,248,0.9839,1,193,0.9948,464,1980,0.7657,46,702,0.9345,36,503,0.9284,3.8085,5726,1014,1264,948,0
182,85,128,0.3359,5,271,0.9815,104,87,0.1954,183,881,0.7923,0,84,1.0,10,240,0.9583,0,357,1.0,10,56,0.8214,4,249,0.9839,1,193,0.9948,466,1982,0.7649,46,705,0.9348,36,504,0.9286,3.8111,5737,1014,1265,950,0
183,85,128,0.3359,6,271,0.9779,104,88,0.1818,184,882,0.7914,0,84,1.0,10,241,0.9585,0,357,1.0,10,56,0.8214,4,249,0.9839,1,193,0.9948,467,1985,0.7647,46,707,0.9349,36,504,0.9286,3.8074,5745,1014,1267,953,0
184,85,128,0.3359,6,271,0.9779,104,89,0.1685,184,882,0.7914,0,85,1.0,10,243,0.9588,0,357,1.0,11,56,0.8036,4,249,0.9839,1,193,0.9948,467,1988,0.7651,46,710,0.9352,36,504,0.9286,3.8039,5755,1018,1270,954,0
185,85,128,0.3359,6,271,0.9779,104,90,0.1556,184,882,0.7914,0,85,1.0,10,244,0.959,0,357,1.0,11,56,0.8036,4,249,0.9839,1,193,0.9948,469,1990,0.7643,46,712,0.9354,36,504,0.9286,3.7995,5761,1018,1272,956,0
186,85,128,0.3359,6,271,0.9779,104,91,0.1429,184,882,0.7914,0,85,1.0,10,245,0.9592,0,357,1.0,11,56,0.8036,4,249,0.9839,1,193,0.9948,472,1993,0.7632,46,715,0.9357,36,504,0.9286,3.7929,5769,1021,1275,959,0
187,85,128,0.3359,6,271,0.9779,104,92,0.1304,185,883,0.7905,0,86,1.0,10,247,0.9595,0,357,1.0,11,56,0.8036,4,250,0.984,1,193,0.9948,472,1996,0.7635,46,717,0.9358,36,504,0.9286,3.7903,5780,1021,1278,960,0
188,84,128,0.3438,6,271,0.9779,105,94,0.117,186,883,0.7894,0,86,1.0,10,248,0.9597,0,357,1.0,11,56,0.8036,4,250,0.984,1,193,0.9948,473,1998,0.7633,47,720,0.9347,36,504,0.9286,3.7867,5788,1023,1280,963,0
189,84,128,0.3438,6,271,0.9779,105,95,0.1053,188,883,0.7871,0,86,1.0,10,249,0.9598,0,357,1.0,11,56,0.8036,4,250,0.984,1,193,0.9948,473,2001,0.7636,47,723,0.935,36,504,0.9286,3.7839,5796,1024,1282,965,0
190,85,128,0.3359,6,271,0.9779,105,96,0.0938,188,883,0.7871,0,87,1.0,10,251,0.9602,0,357,1.0,11,56,0.8036,4,250,0.984,1,193,0.9948,473,2004,0.764,47,725,0.9352,36,504,0.9286,3.7827,5805,1025,1284,966,0
191,86,128,0.3281,6,271,0.9779,105,97,0.0825,190,883,0.7848,0,87,1.0,10,252,0.9603,0,357,1.0,11,56,0.8036,4,250,0.984,1,193,0.9948,474,2006,0.7637,47,728,0.9354,36,504,0.9286,3.7776,5812,1025,1286,970,0
192,87,128,0.3203,6,271,0.9779,106,98,0.0816,190,884,0.7851,0,88,1.0,10,253,0.9605,0,357,1.0,11,56,0.8036,4,251,0.9841,1,193,0.9948,474,2009,0.7641,47,730,0.9356,36,504,0.9286,3.778,5822,1027,1288,972,0
193,87,128,0.3203,6,271,0.9779,106,100,0.06,191,884,0.7839,0,88,1.0,10,255,0.9608,0,357,1.0,11,56,0.8036,4,251,0.9841,1,193,0.9948,475,2012,0.7639,47,733,0.9359,36,504,0.9286,3.7723,5832,1029,1291,974,0
194,87,128,0.3203,6,271,0.9779,106,101,0.0495,191,884,0.7839,0,88,1.0,10,256,0.9609,0,357,1.0,11,56,0.8036,4,251,0.9841,1,193,0.9948,475,2014,0.7642,47,735,0.9361,36,504,0.9286,3.7754,5838,1028,1291,974,0
195,87,128,0.3203,6,271,0.9779,106,102,0.0392,191,884,0.7839,0,89,1.0,10,257,0.9611,0,357,1.0,11,56,0.8036,4,251,0.9841,1,193,0.9948,476,2017,0.764,47,738,0.9363,36,504,0.9286,3.78,5847,1028,1291,975,0
196,87,128,0.3203,6,271,0.9779,106,103,0.0291,191,885,0.7842,0,89,1.0,10,258,0.9612,0,357,1.0,11,56,0.8036,4,251,0.9841,1,193,0.9948,477,2020,0.7639,47,741,0.9366,36,504,0.9286,3.7847,5856,1028,1291,976,0
197,87,128,0.3203,6,271,0.9779,105,104,0.0096,191,885,0.7842,0,89,1.0,10,260,0.9615,0,357,1.0,11,56,0.8036,4,252,0.9841,1,193,0.9948,476,2022,0.7646,49,743,0.9341,36,504,0.9286,3.7878,5864,1028,1291,976,0
198,86,128,0.3281,6,271,0.9779,105,106,0.0094,191,885,0.7842,0,90,1.0,10,261,0.9617,0,357,1.0,11,56,0.8036,4,252,0.9841,1,193,0.9948,478,2025,0.764,49,746,0.9343,36,504,0.9286,3.7932,5874,1028,1291,977,0
199,86,128,0.3281,6,271,0.9779,105,107,0.0187,191,885,0.7842,0,90,1.0,10,262,0.9618,0,357,1.0,11,56,0.8036,4,252,0.9841,1,193,0.9948,477,2028,0.7648,50,748,0.9332,36,504,0.9286,3.7986,5881,1028,1291,977,0
200,86,128,0.3281,6,271,0.9779,105,108,0.0278,191,886,0.7844,0,90,1.0,10,264,0.9621,0,357,1.0,11,56,0.8036,4,252,0.9841,1,193,0.9948,477,2030,0.765,50,751,0.9334,36,504,0.9286,3.8056,5890,1028,1291,977,0
201,85,128,0.3359,6,271,0.9779,106,109,0.0275,191,886,0.7844,0,91,1.0,10,265,0.9623,0,357,1.0,11,56,0.8036,4,252,0.9841,1,193,0.9948,477,2033,0.7654,51,753,0.9323,36,504,0.9286,3.811,5898,1028,1291,978,0
202,85,128,0.3359,6,271,0.9779,106,110,0.0364,192,886,0.7833,0,91,1.0,10,266,0.9624,0,357,1.0,11,56,0.8036,4,253,0.9842,1,193,0.9948,477,2036,0.7657,51,756,0.9325,36,504,0.9286,3.8172,5907,1028,1291,979,0
203,85,128,0.3359,6,271,0.9779,106,112,0.0536,192,886,0.7833,0,91,1.0,10,268,0.9627,0,357,1.0,11,56,0.8036,5,253,0.9802,1,193,0.9948,476,2038,0.7664,51,759,0.9328,36,504,0.9286,3.8242,5916,1027,1291,979,0
204,86,128,0.3281,6,271,0.9779,106,113,0.0619,192,887,0.7835,0,92,1.0,10,269,0.9628,0,357,1.0,11,56,0.8036,5,253,0.9802,1,193,0.9948,476,2041,0.7668,51,761,0.933,36,504,0.9286,3.8304,5925,1027,1291,980,0
205,86,128,0.3281,6,271,0.9779,106,114,0.0702,192,887,0.7835,0,92,1.0,10,270,0.963,0,357,1.0,11,56,0.8036,5,253,0.9802,1,193,0.9948,476,2044,0.7671,51,764,0.9332,36,504,0.9286,3.8336,5933,1027,1292,980,0
206,86,128,0.3281,6,271,0.9779,106,115,0.0783,192,887,0.7835,0,92,1.0,10,272,0.9632,0,357,1.0,11,56,0.8036,5,253,0.9802,1,193,0.9948,479,2047,0.766,51,766,0.9334,36,504,0.9286,3.8109,5941,1031,1301,983,0
207,86,128,0.3281,6,271,0.9779,106,116,0.0862,192,887,0.7835,0,93,1.0,10,273,0.9634,0,357,1.0,11,56,0.8036,5,254,0.9803,1,193,0.9948,478,2049,0.7667,51,769,0.9337,36,504,0.9286,3.7895,5950,1036,1311,982,0
208,86,128,0.3281,6,271,0.9779,105,118,0.1102,192,887,0.7835,0,93,1.0,10,274,0.9635,0,357,1.0,11,56,0.8036,5,254,0.9803,1,193,0.9948,479,2052,0.7666,53,771,0.9313,36,504,0.9286,3.7682,5958,1043,1320,984,0
209,86,128,0.3281,6,271,0.9779,105,119,0.1176,192,888,0.7838,0,93,1.0,10,276,0.9638,0,357,1.0,11,56,0.8036,5,254,0.9803,1,193,0.9948,480,2055,0.7664,54,774,0.9302,36,504,0.9286,3.7459,5968,1045,1330,986,0
210,86,128,0.3281,6,271,0.9779,105,120,0.125,192,888,0.7838,0,94,1.0,10,277,0.9639,0,357,1.0,11,56,0.8036,5,254,0.9803,1,193,0.9948,480,2057,0.7667,54,777,0.9305,36,504,0.9286,3.7239,5976,1048,1340,986,0
211,86,128,0.3281,6,271,0.9779,105,121,0.1322,192,888,0.7838,0,94,1.0,10,278,0.964,0,357,1.0,11,56,0.8036,5,254,0.9803,1,193,0.9948,482,2060,0.766,55,779,0.9294,36,504,0.9286,3.702,5983,1061,1349,989,0
212,86,128,0.3281,6,271,0.9779,105,122,0.1393,194,888,0.7815,0,94,1.0,10,280,0.9643,0,357,1.0,11,56,0.8036,5,255,0.9804,1,193,0.9948,482,2063,0.7664,55,782,0.9297,36,504,0.9286,3.6806,5993,1069,1359,991,0
213,86,128,0.3281,6,271,0.9779,105,124,0.1532,194,889,0.7818,0,95,1.0,10,281,0.9644,0,357,1.0,11,57,0.807,5,255,0.9804,1,193,0.9948,483,2065,0.7661,55,784,0.9298,36,504,0.9286,3.6603,6003,1074,1369,992,0
214,86,128,0.3281,6,271,0.9779,104,124,0.1613,196,889,0.7795,0,95,1.0,10,282,0.9645,0,357,1.0,11,57,0.807,5,255,0.9804,1,193,0.9948,484,2068,0.766,56,787,0.9288,36,504,0.9286,3.6579,6010,1079,1371,995,0
215,87,128,0.3203,6,271,0.9779,104,124,0.1613,197,889,0.7784,0,96,1.0,10,284,0.9648,0,357,1.0,11,57,0.807,5,256,0.9805,1,193,0.9948,485,2071,0.7658,56,789,0.929,36,504,0.9286,3.6543,6019,1084,1374,998,0
216,87,128,0.3203,7,271,0.9742,105,125,0.16,197,889,0.7784,0,97,1.0,10,285,0.9649,0,357,1.0,11,57,0.807,5,256,0.9805,1,193,0.9948,485,2073,0.766,56,792,0.9293,36,504,0.9286,3.6507,6027,1084,1377,1000,0
217,87,128,0.3203,7,271,0.9742,106,125,0.152,197,890,0.7787,0,97,1.0,10,286,0.965,0,357,1.0,11,57,0.807,5,257,0.9805,1,193,0.9948,485,2076,0.7664,56,795,0.9296,36,504,0.9286,3.6512,6036,1085,1379,1001,0
218,88,128,0.3125,7,271,0.9742,106,125,0.152,197,890,0.7787,0,98,1.0,10,288,0.9653,0,357,1.0,11,57,0.807,5,257,0.9805,1,193,0.9948,485,2079,0.7667,56,797,0.9297,36,504,0.9286,3.6483,6044,1086,1382,1002,0
219,88,128,0.3125,7,271,0.9742,106,126,0.1587,197,890,0.7787,0,98,1.0,10,289,0.9654,0,357,1.0,11,57,0.807,5,258,0.9806,1,193,0.9948,487,2081,0.766,56,800,0.93,36,504,0.9286,3.6448,6052,1086,1385,1004,0
220,88,128,0.3125,7,271,0.9742,106,126,0.1587,198,890,0.7775,0,99,1.0,10,290,0.9655,0,357,1.0,11,58,0.8103,5,258,0.9806,1,193,0.9948,487,2084,0.7663,56,802,0.9302,36,504,0.9286,3.6446,6060,1091,1387,1005,0
221,87,128,0.3203,7,271,0.9742,106,127,0.1654,197,891,0.7789,0,100,1.0,10,291,0.9656,0,357,1.0,11,58,0.8103,5,259,0.9807,1,193,0.9948,487,2087,0.7667,58,805,0.928,36,504,0.9286,3.6446,6071,1090,1390,1005,0
222,87,128,0.3203,7,271,0.9742,106,127,0.1654,198,891,0.7778,0,100,1.0,11,293,0.9625,0,357,1.0,11,58,0.8103,5,259,0.9807,1,193,0.9948,487,2089,0.7669,58,807,0.9281,36,504,0.9286,3.6396,6077,1092,1393,1007,0
223,87,128,0.3203,7,271,0.9742,106,127,0.1654,198,891,0.7778,0,101,1.0,11,294,0.9626,0,357,1.0,11,58,0.8103,5,260,0.9808,1,193,0.9948,489,2092,0.7663,59,810,0.9272,36,504,0.9286,3.6361,6086,1092,1396,1010,0
224,88,128,0.3125,7,271,0.9742,106,128,0.1719,198,891,0.7778,0,101,1.0,11,295,0.9627,0,357,1.0,11,58,0.8103,5,260,0.9808,1,193,0.9948,490,2095,0.7661,59,813,0.9274,36,504,0.9286,3.6352,6094,1092,1398,1012,0
225,89,128,0.3047,7,271,0.9742,106,128,0.1719,199,892,0.7769,0,102,1.0,11,297,0.963,0,357,1.0,11,58,0.8103,5,261,0.9808,1,193,0.9948,490,2097,0.7663,59,815,0.9276,36,504,0.9286,3.6324,6103,1095,1401,1014,0
226,89,128,0.3047,7,271,0.9742,106,129,0.1783,200,892,0.7758,0,103,1.0,12,298,0.9597,0,357,1.0,11,59,0.8136,6,261,0.977,1,193,0.9948,491,2100,0.7662,61,818,0.9254,36,504,0.9286,3.6275,6113,1100,1404,1020,0
227,89,128,0.3047,7,271,0.9742,106,129,0.1783,200,892,0.7758,0,103,1.0,12,299,0.9599,0,357,1.0,11,59,0.8136,6,262,0.9771,1,193,0.9948,492,2103,0.766,61,820,0.9256,36,504,0.9286,3.6266,6120,1101,1406,1021,0
228,89,128,0.3047,7,271,0.9742,106,129,0.1783,200,892,0.7758,0,104,1.0,12,301,0.9601,0,357,1.0,11,59,0.8136,7,263,0.9734,1,193,0.9948,494,2106,0.7654,61,823,0.9259,36,504,0.9286,3.6238,6130,1102,1409,1024,0
229,89,128,0.3047,7,271,0.9742,106,130,0.1846,200,892,0.7758,0,104,1.0,12,302,0.9603,0,357,1.0,11,59,0.8136,7,263,0.9734,1,193,0.9948,493,2108,0.7661,62,825,0.9248,36,504,0.9286,3.6204,6136,1103,1412,1024,0
230,89,128,0.3047,7,271,0.9742,106,130,0.1846,201,893,0.7749,0,105,1.0,12,303,0.9604,0,357,1.0,11,59,0.8136,7,264,0.9735,1,193,0.9948,495,2111,0.7655,62,828,0.9251,36,504,0.9286,3.6177,6146,1105,1415,1027,0
231,89,128,0.3047,7,271,0.9742,106,130,0.1846,201,893,0.7749,0,106,1.0,12,305,0.9607,0,357,1.0,11,59,0.8136,7,264,0.9735,1,193,0.9948,495,2114,0.7658,62,831,0.9254,36,504,0.9286,3.6189,6155,1107,1417,1027,0
232,89,128,0.3047,7,271,0.9742,106,131,0.1908,202,893,0.7738,0,106,1.0,12,306,0.9608,0,357,1.0,11,60,0.8167,7,265,0.9736,1,193,0.9948,494,2116,0.7665,63,833,0.9244,36,504,0.9286,3.6162,6163,1108,1420,1028,0
233,89,128,0.3047,7,271,0.9742,107,131,0.1832,202,893,0.7738,0,107,1.0,12,307,0.9609,0,357,1.0,11,60,0.8167,7,265,0.9736,1,193,0.9948,495,2119,0.7664,63,836,0.9246,36,504,0.9286,3.6128,6171,1108,1423,1030,0
234,91,128,0.2891,7,271,0.9742,108,132,0.1818,204,894,0.7718,0,107,1.0,12,309,0.9612,0,357,1.0,11,60,0.8167,7,266,0.9737,1,193,0.9948,495,2122,0.7667,63,838,0.9248,36,504,0.9286,3.6112,6181,1113,1425,1035,0
235,91,128,0.2891,7,271,0.9742,108,132,0.1818,204,894,0.7718,0,108,1.0,12,310,0.9613,0,357,1.0,11,60,0.8167,7,266,0.9737,1,193,0.9948,498,2124,0.7655,63,841,0.9251,36,504,0.9286,3.6064,6188,1114,1428,1038,0
236,91,128,0.2891,7,271,0.9742,108,132,0.1818,203,894,0.7729,0,109,1.0,14,311,0.955,0,357,1.0,11,60,0.8167,7,267,0.9738,1,193,0.9948,499,2127,0.7654,63,843,0.9253,37,504,0.9266,3.6024,6196,1113,1431,1041,0
237,91,128,0.2891,6,271,0.9779,108,133,0.188,203,894,0.7729,0,109,1.0,14,313,0.9553,0,357,1.0,11,60,0.8167,7,267,0.9738,1,193,0.9948,500,2130,0.7653,64,846,0.9243,37,504,0.9266,3.6004,6205,1115,1434,1042,0
238,91,128,0.2891,6,271,0.9779,108,133,0.188,205,895,0.7709,0,110,1.0,14,314,0.9554,0,357,1.0,11,61,0.8197,7,268,0.9739,1,193,0.9948,501,2132,0.765,64,849,0.9246,37,504,0.9266,3.6003,6215,1115,1436,1045,0
239,91,128,0.2891,6,271,0.9779,108,134,0.194,205,895,0.7709,0,111,1.0,14,315,0.9556,0,357,1.0,11,61,0.8197,7,268,0.9739,1,193,0.9948,501,2135,0.7653,64,851,0.9248,37,504,0.9266,3.5983,6223,1118,1439,1045,0
240,91,128,0.2891,6,271,0.9779,108,134,0.194,205,895,0.7709,0,111,1.0,14,317,0.9558,0,357,1.0,11,61,0.8197,7,269,0.974,1,193,0.9948,502,2138,0.7652,64,854,0.9251,37,504,0.9266,3.5964,6232,1121,1442,1046,0
241,91,128,0.2891,6,271,0.9779,108,134,0.194,205,895,0.7709,0,112,1.0,14,318,0.956,0,357,1.0,11,61,0.8197,7,269,0.974,1,193,0.9948,504,2140,0.7645,64,856,0.9252,37,504,0.9266,3.5942,6238,1121,1444,1048,0
242,92,128,0.2812,6,271,0.9779,109,135,0.1926,205,896,0.7712,0,112,1.0,14,319,0.9561,0,357,1.0,11,61,0.8197,7,270,0.9741,1,193,0.9948,505,2143,0.7643,64,859,0.9255,37,504,0.9266,3.5916,6248,1124,1447,1051,0
243,92,128,0.2812,6,271,0.9779,110,135,0.1852,205,896,0.7712,0,113,1.0,14,321,0.9564,0,357,1.0,11,61,0.8197,7,270,0.9741,1,193,0.9948,505,2146,0.7647,64,861,0.9257,37,504,0.9266,3.589,6256,1124,1450,1052,0
244,93,128,0.2734,6,271,0.9779,110,136,0.1912,204,896,0.7723,0,114,1.0,14,322,0.9565,0,357,1.0,11,62,0.8226,7,271,0.9742,1,193,0.9948,505,2148,0.7649,64,864,0.9259,37,504,0.9266,3.5884,6266,1124,1453,1052,0
245,92,128,0.2812,6,275,0.9782,111,137,0.1898,204,896,0.7723,0,114,1.0,14,323,0.9567,0,357,1.0,11,62,0.8226,7,272,0.9743,1,193,0.9948,506,2151,0.7648,64,867,0.9262,37,504,0.9266,3.5942,6279,1124,1454,1053,0
246,93,128,0.2734,6,280,0.9786,111,138,0.1957,206,896,0.7701,0,114,1.0,14,325,0.9569,0,357,1.0,11,62,0.8226,7,273,0.9744,1,193,0.9948,506,2154,0.7651,64,867,0.9262,37,504,0.9266,3.5979,6291,1126,1455,1056,0
247,94,128,0.2656,6,285,0.9789,111,139,0.2014,207,897,0.7692,0,114,1.0,14,326,0.9571,0,357,1.0,11,62,0.8226,7,274,0.9745,1,193,0.9948,508,2156,0.7644,64,868,0.9263,37,504,0.9266,3.5985,6303,1129,1457,1060,0
248,94,128,0.2656,6,290,0.9793,111,140,0.2071,207,897,0.7692,0,114,1.0,15,327,0.9541,0,357,1.0,11,62,0.8226,7,274,0.9745,1,193,0.9948,508,2159,0.7647,64,869,0.9264,37,504,0.9266,3.6054,6314,1128,1457,1061,0
249,94,128,0.2656,6,294,0.9796,111,141,0.2128,207,897,0.7692,0,115,1.0,15,328,0.9543,0,357,1.0,11,62,0.8226,7,275,0.9745,1,193,0.9948,508,2162,0.765,65,870,0.9253,37,504,0.9266,3.6129,6326,1125,1457,1062,0
250,95,128,0.2578,6,299,0.9799,111,142,0.2183,207,897,0.7692,0,115,1.0,16,330,0.9515,0,357,1.0,11,62,0.8226,7,276,0.9746,1,193,0.9948,508,2165,0.7654,64,871,0.9265,37,504,0.9266,3.6187,6339,1125,1458,1063,0
251,95,128,0.2578,7,304,0.977,111,143,0.2238,206,898,0.7706,0,115,1.0,16,331,0.9517,0,357,1.0,11,62,0.8226,7,277,0.9747,1,193,0.9948,509,2167,0.7651,65,872,0.9255,37,504,0.9266,3.6255,6351,1127,1458,1065,0
252,95,128,0.2578,7,309,0.9773,111,144,0.2292,208,898,0.7684,0,115,1.0,16,332,0.9518,0,357,1.0,11,62,0.8226,7,278,0.9748,1,193,0.9948,510,2170,0.765,65,872,0.9255,37,504,0.9266,3.6285,6362,1128,1459,1068,0
253,95,128,0.2578,7,313,0.9776,111,145,0.2345,208,898,0.7684,0,115,1.0,16,334,0.9521,0,357,1.0,11,62,0.8226,7,279,0.9749,1,193,0.9948,512,2173,0.7644,65,873,0.9255,37,504,0.9266,3.6329,6374,1128,1460,1070,0
254,95,128,0.2578,7,318,0.978,111,146,0.2397,208,898,0.7684,0,116,1.0,16,335,0.9522,0,357,1.0,11,62,0.8226,7,280,0.975,1,193,0.9948,513,2175,0.7641,65,874,0.9256,37,504,0.9266,3.6404,6386,1128,1460,1071,0
255,95,128,0.2578,7,323,0.9783,111,147,0.2449,208,899,0.7686,0,116,1.0,17,336,0.9494,0,357,1.0,11,62,0.8226,7,281,0.9751,1,193,0.9948,513,2178,0.7645,65,875,0.9257,37,504,0.9266,3.6461,6399,1126,1461,1072,0
256,95,128,0.2578,7,328,0.9787,111,148,0.25,208,899,0.7686,0,116,1.0,17,338,0.9497,0,357,1.0,11,62,0.8226,7,282,0.9752,1,193,0.9948,514,2181,0.7643,65,876,0.9258,37,504,0.9266,3.6518,6412,1127,1462,1073,0
257,95,128,0.2578,7,332,0.9789,111,149,0.255,210,899,0.7664,0,116,1.0,17,339,0.9499,0,357,1.0,11,62,0.8226,7,283,0.9753,1,193,0.9948,515,2183,0.7641,65,877,0.9259,37,504,0.9266,3.6541,6422,1130,1463,1076,0
258,95,128,0.2578,7,337,0.9792,111,150,0.26,210,899,0.7664,0,117,1.0,19,340,0.9441,0,357,1.0,11,62,0.8226,7,284,0.9754,1,193,0.9948,515,2186,0.7644,65,878,0.926,37,504,0.9266,3.6617,6435,1130,1463,1078,0
259,95,128,0.2578,7,342,0.9795,111,151,0.2649,210,900,0.7667,0,117,1.0,19,342,0.9444,0,357,1.0,11,62,0.8226,7,285,0.9754,1,193,0.9948,515,2189,0.7647,66,878,0.9248,37,504,0.9266,3.6673,6448,1130,1464,1079,0
260,95,128,0.2578,7,347,0.9798,111,152,0.2697,210,900,0.7667,0,117,1.0,19,343,0.9446,0,357,1.0,11,62,0.8226,7,286,0.9755,1,193,0.9948,514,2191,0.7654,66,879,0.9249,37,504,0.9266,3.673,6459,1131,1465,1078,0
261,95,128,0.2578,7,351,0.9801,111,153,0.2745,210,900,0.7667,0,117,1.0,19,344,0.9448,0,357,1.0,11,62,0.8226,7,287,0.9756,1,193,0.9948,515,2194,0.7653,66,880,0.925,37,504,0.9266,3.6774,6470,1130,1466,1079,0
262,95,128,0.2578,7,356,0.9803,111,154,0.2792,210,900,0.7667,0,118,1.0,19,346,0.9451,0,357,1.0,11,64,0.8281,7,290,0.9759,1,193,0.9948,515,2197,0.7656,66,881,0.9251,37,504,0.9266,3.6871,6488,1132,1467,1079,0
263,95,128,0.2578,7,361,0.9806,111,155,0.2839,210,900,0.7667,0,119,1.0,20,347,0.9424,0,357,1.0,11,66,0.8333,7,294,0.9762,1,193,0.9948,516,2199,0.7653,66,882,0.9252,37,504,0.9266,3.6923,6505,1132,1469,1081,0
264,95,128,0.2578,7,366,0.9809,110,156,0.2949,211,901,0.7658,0,120,1.0,20,348,0.9425,0,357,1.0,11,69,0.8406,7,297,0.9764,1,193,0.9948,516,2202,0.7657,66,883,0.9253,37,504,0.9266,3.7027,6524,1132,1470,1081,0
265,95,128,0.2578,7,370,0.9811,110,157,0.2994,211,901,0.7658,0,121,1.0,20,350,0.9429,0,357,1.0,11,71,0.8451,7,300,0.9767,1,193,0.9948,516,2205,0.766,66,884,0.9253,37,504,0.9266,3.7092,6541,1132,1472,1081,0
266,95,128,0.2578,7,375,0.9813,110,158,0.3038,212,901,0.7647,0,122,1.0,20,351,0.943,0,357,1.0,11,74,0.8514,7,304,0.977,1,193,0.9948,516,2207,0.7662,66,884,0.9253,37,504,0.9266,3.7176,6558,1132,1473,1082,0
267,96,128,0.25,7,380,0.9816,110,159,0.3082,212,901,0.7647,0,123,1.0,20,352,0.9432,0,357,1.0,11,76,0.8553,7,307,0.9772,1,193,0.9948,516,2210,0.7665,66,885,0.9254,37,504,0.9266,3.7234,6575,1132,1475,1083,0
268,96,128,0.25,7,385,0.9818,110,160,0.3125,212,902,0.765,0,123,1.0,21,354,0.9407,0,357,1.0,12,78,0.8462,7,311,0.9775,1,193,0.9948,517,2213,0.7664,66,886,0.9255,37,504,0.9266,3.7317,6594,1133,1476,1086,0
269,96,128,0.25,7,389,0.982,111,161,0.3106,214,902,0.7627,0,124,1.0,21,355,0.9408,0,357,1.0,12,81,0.8519,7,314,0.9777,1,193,0.9948,517,2215,0.7666,66,887,0.9256,37,504,0.9266,3.7355,6610,1132,1478,1089,0
270,96,128,0.25,7,394,0.9822,111,162,0.3148,214,902,0.7627,0,125,1.0,21,356,0.941,0,357,1.0,12,83,0.8554,7,318,0.978,1,193,0.9948,517,2218,0.7669,66,888,0.9257,37,504,0.9266,3.7451,6628,1135,1479,1089,0
271,97,128,0.2422,7,399,0.9825,112,163,0.3129,215,902,0.7616,0,126,1.0,21,358,0.9413,0,357,1.0,12,86,0.8605,7,321,0.9782,1,193,0.9948,517,2221,0.7672,66,889,0.9258,37,504,0.9266,3.7508,6647,1136,1481,1092,0
272,97,128,0.2422,7,404,0.9827,112,164,0.3171,215,903,0.7619,0,130,1.0,21,359,0.9415,0,357,1.0,12,86,0.8605,7,322,0.9783,1,193,0.9948,520,2224,0.7662,66,889,0.9258,37,504,0.9266,3.5669,6663,1151,1561,1095,0
273,97,128,0.2422,7,404,0.9827,112,164,0.3171,215,903,0.7619,0,133,1.0,21,360,0.9417,0,357,1.0,12,86,0.8605,7,322,0.9783,1,193,0.9948,519,2224,0.7666,67,890,0.9247,37,504,0.9266,3.5656,6668,1164,1563,1095,0
274,97,128,0.2422,7,405,0.9827,112,165,0.3212,217,903,0.7597,0,135,1.0,21,362,0.942,0,357,1.0,12,86,0.8605,7,323,0.9783,1,193,0.9948,519,2224,0.7666,67,891,0.9248,37,504,0.9266,3.5671,6676,1173,1564,1097,0
275,96,128,0.25,7,406,0.9828,112,165,0.3212,218,903,0.7586,0,137,1.0,21,363,0.9421,0,357,1.0,12,86,0.8605,7,323,0.9783,1,193,0.9948,519,2224,0.7666,67,892,0.9249,37,504,0.9266,3.5681,6681,1172,1565,1097,0
276,96,128,0.25,7,407,0.9828,111,166,0.3313,219,904,0.7577,0,138,1.0,21,364,0.9423,0,357,1.0,12,86,0.8605,7,323,0.9783,1,193,0.9948,520,2225,0.7663,67,893,0.925,37,504,0.9266,3.5696,6688,1179,1566,1098,0
277,96,128,0.25,7,408,0.9828,111,167,0.3353,219,904,0.7577,0,140,1.0,21,365,0.9425,0,357,1.0,12,86,0.8605,7,324,0.9784,1,193,0.9948,521,2225,0.7658,67,894,0.9251,37,504,0.9266,3.5712,6695,1180,1567,1099,0
278,96,128,0.25,7,409,0.9829,111,167,0.3353,220,904,0.7566,0,141,1.0,21,367,0.9428,0,357,1.0,12,86,0.8605,7,324,0.9784,1,193,0.9948,521,2225,0.7658,68,895,0.924,37,504,0.9266,3.5708,6700,1181,1568,1101,0
279,97,128,0.2422,7,410,0.9829,111,168,0.3393,221,904,0.7555,0,143,1.0,21,368,0.9429,0,357,1.0,12,86,0.8605,7,325,0.9785,1,193,0.9948,521,2226,0.7659,68,895,0.924,37,504,0.9266,3.5717,6707,1182,1569,1103,0
280,97,128,0.2422,7,411,0.983,111,169,0.3432,221,905,0.7558,0,145,1.0,21,369,0.9431,0,357,1.0,12,86,0.8605,7,325,0.9785,1,193,0.9948,521,2226,0.7659,68,896,0.9241,37,504,0.9266,3.5739,6714,1181,1570,1103,0
281,97,128,0.2422,7,412,0.983,112,169,0.3373,221,905,0.7558,0,146,1.0,21,371,0.9434,0,357,1.0,12,86,0.8605,8,325,0.9754,1,193,0.9948,523,2226,0.765,68,897,0.9242,37,504,0.9266,3.5745,6719,1183,1570,1107,0
282,97,128,0.2422,7,412,0.983,112,170,0.3412,221,906,0.7561,0,148,1.0,21,372,0.9435,0,357,1.0,12,86,0.8605,8,326,0.9755,1,193,0.9948,524,2227,0.7647,68,898,0.9243,38,504,0.9246,3.5761,6727,1181,1571,1109,0
283,97,128,0.2422,7,413,0.9831,112,170,0.3412,222,906,0.755,0,149,1.0,21,373,0.9437,0,357,1.0,12,86,0.8605,8,326,0.9755,1,193,0.9948,524,2227,0.7647,68,899,0.9244,38,505,0.9248,3.5786,6732,1182,1571,1110,0
284,97,128,0.2422,7,414,0.9831,112,171,0.345,223,907,0.7541,0,151,1.0,21,375,0.944,0,357,1.0,12,86,0.8605,8,327,0.9755,1,193,0.9948,525,2227,0.7643,68,900,0.9244,38,505,0.9248,3.5808,6741,1181,1572,1112,0
285,97,128,0.2422,7,415,0.9831,113,172,0.343,223,907,0.7541,0,153,1.0,22,376,0.9415,0,357,1.0,12,86,0.8605,8,327,0.9755,1,193,0.9948,527,2227,0.7634,68,901,0.9245,38,505,0.9248,3.5821,6747,1182,1572,1116,0
286,98,128,0.2344,7,416,0.9832,113,172,0.343,224,908,0.7533,0,154,1.0,23,377,0.939,0,357,1.0,12,86,0.8605,8,327,0.9755,1,193,0.9948,528,2228,0.763,68,901,0.9245,38,505,0.9248,3.5804,6752,1184,1573,1120,0
287,98,128,0.2344,7,417,0.9832,114,173,0.341,224,908,0.7533,0,156,1.0,23,379,0.9393,0,357,1.0,12,86,0.8605,8,328,0.9756,1,193,0.9948,528,2228,0.763,68,902,0.9246,38,505,0.9248,3.5826,6760,1184,1574,1121,0
288,98,128,0.2344,7,418,0.9833,114,174,0.3448,224,909,0.7536,0,158,1.0,23,380,0.9395,0,357,1.0,12,86,0.8605,8,328,0.9756,1,193,0.9948,527,2228,0.7635,69,903,0.9236,38,505,0.9248,3.587,6767,1184,1574,1121,0
289,98,128,0.2344,7,419,0.9833,114,174,0.3448,225,909,0.7525,0,159,1.0,23,381,0.9396,0,357,1.0,12,86,0.8605,8,328,0.9756,1,193,0.9948,527,2229,0.7636,69,904,0.9237,38,505,0.9248,3.5873,6772,1181,1575,1122,0
290,99,128,0.2266,7,420,0.9833,114,175,0.3486,225,910,0.7527,0,161,1.0,24,383,0.9373,0,357,1.0,11,86,0.8721,8,328,0.9756,1,193,0.9948,528,2229,0.7631,69,905,0.9238,38,505,0.9248,3.5888,6780,1184,1576,1124,0
291,99,128,0.2266,7,421,0.9834,114,176,0.3523,226,910,0.7516,0,163,1.0,24,384,0.9375,0,357,1.0,11,86,0.8721,8,329,0.9757,1,193,0.9948,529,2229,0.7627,69,906,0.9238,38,505,0.9248,3.5897,6787,1184,1577,1126,0
292,99,128,0.2266,7,419,0.9833,114,177,0.3559,226,911,0.7519,0,165,1.0,24,385,0.9377,0,357,1.0,11,86,0.8721,8,329,0.9757,1,193,0.9948,529,2230,0.7628,69,906,0.9238,38,505,0.9248,3.5923,6791,1183,1577,1126,0
293,100,128,0.2188,7,418,0.9833,114,178,0.3596,226,911,0.7519,0,167,1.0,24,387,0.938,0,357,1.0,11,86,0.8721,8,329,0.9757,1,193,0.9948,529,2230,0.7628,69,907,0.9239,38,506,0.9249,3.5954,6797,1182,1577,1127,0
294,100,128,0.2188,7,416,0.9832,114,179,0.3631,226,912,0.7522,0,169,1.0,24,388,0.9381,0,357,1.0,11,86,0.8721,8,329,0.9757,1,193,0.9948,529,2230,0.7628,69,908,0.924,38,506,0.9249,3.598,6801,1184,1577,1127,0
295,100,128,0.2188,7,415,0.9831,114,180,0.3667,226,912,0.7522,0,171,1.0,24,389,0.9383,0,357,1.0,11,86,0.8721,8,330,0.9758,1,193,0.9948,529,2231,0.7629,69,909,0.9241,38,506,0.9249,3.6018,6807,1182,1577,1127,0
296,100,128,0.2188,7,413,0.9831,115,181,0.3646,226,913,0.7525,0,172,1.0,24,391,0.9386,0,357,1.0,11,86,0.8721,8,330,0.9758,1,193,0.9948,529,2231,0.7629,69,910,0.9242,38,506,0.9249,3.6037,6811,1183,1577,1128,0
297,100,128,0.2188,7,412,0.983,115,182,0.3681,227,913,0.7514,0,174,1.0,25,392,0.9362,0,357,1.0,11,86,0.8721,8,330,0.9758,1,193,0.9948,529,2231,0.7629,70,911,0.9232,38,506,0.9249,3.602,6815,1182,1578,1131,0
298,101,128,0.2109,7,411,0.983,115,183,0.3716,227,914,0.7516,0,176,1.0,25,393,0.9364,0,357,1.0,11,86,0.8721,8,330,0.9758,1,193,0.9948,530,2231,0.7624,70,912,0.9232,38,506,0.9249,3.6039,6820,1183,1578,1133,0
299,101,128,0.2109,7,409,0.9829,115,184,0.375,229,914,0.7495,0,178,1.0,25,395,0.9367,0,357,1.0,11,86,0.8721,8,331,0.9758,1,193,0.9948,530,2232,0.7625,70,912,0.9232,38,506,0.9249,3.6058,6825,1184,1578,1135,0
300,101,128,0.2109,7,408,0.9828,115,185,0.3784,229,915,0.7497,0,180,1.0,25,396,0.9369,0,357,1.0,11,86,0.8721,8,331,0.9758,1,193,0.9948,530,2232,0.7625,70,913,0.9233,38,506,0.9249,3.609,6830,1184,1578,1135,0
301,101,128,0.2109,7,406,0.9828,115,186,0.3817,230,915,0.7486,0,182,1.0,25,397,0.937,0,357,1.0,11,86,0.8721,8,331,0.9758,1,193,0.9948,530,2232,0.7625,70,914,0.9234,38,506,0.9249,3.6103,6833,1184,1578,1136,0
302,100,128,0.2188,7,405,0.9827,117,187,0.3743,230,916,0.7489,0,184,1.0,25,399,0.9373,0,357,1.0,11,86,0.8721,8,331,0.9758,1,193,0.9948,530,2233,0.7627,70,915,0.9235,38,506,0.9249,3.6118,6840,1182,1579,1137,0
303,101,128,0.2109,7,404,0.9827,117,189,0.381,230,916,0.7489,0,185,1.0,25,400,0.9375,0,357,1.0,11,86,0.8721,8,332,0.9759,1,193,0.9948,531,2233,0.7622,70,916,0.9236,39,507,0.9231,3.5797,6846,1187,1594,1140,0
304,101,128,0.2109,7,403,0.9826,118,189,0.3757,230,917,0.7492,0,188,1.0,25,401,0.9377,0,357,1.0,11,86,0.8721,8,332,0.9759,1,194,0.9948,531,2233,0.7622,70,917,0.9237,39,507,0.9231,3.5828,6852,1190,1594,1141,0
305,101,128,0.2109,7,403,0.9826,118,189,0.3757,230,917,0.7492,0,191,1.0,26,402,0.9353,0,357,1.0,11,87,0.8736,8,332,0.9759,1,196,0.9949,531,2234,0.7623,70,918,0.9237,39,507,0.9231,3.5878,6861,1192,1594,1142,0
306,101,128,0.2109,7,403,0.9826,118,190,0.3789,230,918,0.7495,0,194,1.0,26,404,0.9356,0,357,1.0,11,88,0.875,8,332,0.9759,1,198,0.9949,531,2234,0.7623,70,918,0.9237,39,507,0.9231,3.5941,6871,1191,1594,1142,0
307,102,128,0.2031,7,403,0.9826,118,190,0.3789,230,918,0.7495,0,196,1.0,26,405,0.9358,0,357,1.0,11,89,0.8764,8,332,0.9759,1,200,0.995,530,2234,0.7628,71,919,0.9227,39,507,0.9231,3.5979,6878,1194,1594,1143,0
308,102,128,0.2031,7,403,0.9826,118,191,0.3822,230,919,0.7497,0,199,1.0,26,406,0.936,0,357,1.0,11,90,0.8778,8,332,0.9759,1,201,0.995,530,2235,0.7629,71,920,0.9228,39,507,0.9231,3.6041,6888,1194,1594,1143,0
309,102,128,0.2031,7,403,0.9826,117,191,0.3874,230,919,0.7497,0,202,1.0,26,408,0.9363,0,357,1.0,11,91,0.8791,8,332,0.9759,1,203,0.9951,530,2235,0.7629,71,921,0.9229,40,507,0.9211,3.6098,6897,1191,1594,1143,0
310,104,128,0.1875,7,403,0.9826,117,192,0.3906,230,920,0.75,0,204,1.0,26,409,0.9364,0,357,1.0,11,92,0.8804,8,332,0.9759,1,205,0.9951,530,2235,0.7629,71,922,0.923,40,507,0.9211,3.6142,6906,1192,1594,1145,0
311,105,128,0.1797,7,403,0.9826,117,192,0.3906,230,920,0.75,0,207,1.0,26,410,0.9366,0,357,1.0,11,93,0.8817,8,332,0.9759,1,206,0.9951,529,2235,0.7633,71,923,0.9231,41,507,0.9191,3.6179,6913,1194,1594,1146,0
312,105,128,0.1797,7,403,0.9826,117,193,0.3938,230,921,0.7503,0,210,1.0,26,412,0.9369,0,357,1.0,11,94,0.883,8,332,0.9759,1,208,0.9952,530,2236,0.763,71,923,0.9231,42,507,0.9172,3.6213,6924,1193,1595,1148,0
313,106,128,0.1719,7,403,0.9826,117,193,0.3938,231,921,0.7492,0,213,1.0,26,413,0.937,0,357,1.0,11,95,0.8842,8,332,0.9759,1,210,0.9952,531,2236,0.7625,71,924,0.9232,42,507,0.9172,3.6131,6932,1195,1600,1151,0
314,106,128,0.1719,7,403,0.9826,116,194,0.4021,231,922,0.7495,0,215,1.0,26,414,0.9372,0,357,1.0,11,95,0.8842,9,332,0.9729,1,211,0.9953,531,2236,0.7625,72,925,0.9222,42,508,0.9173,3.604,6940,1195,1606,1152,0
315,106,128,0.1719,7,403,0.9826,116,194,0.4021,231,923,0.7497,0,218,1.0,26,416,0.9375,0,357,1.0,11,96,0.8854,9,332,0.9729,1,213,0.9953,531,2237,0.7626,72,926,0.9222,42,508,0.9173,3.5996,6951,1196,1611,1152,0
316,106,128,0.1719,7,403,0.9826,116,195,0.4051,231,924,0.75,0,221,1.0,27,417,0.9353,0,357,1.0,11,97,0.8866,9,332,0.9729,1,215,0.9953,531,2237,0.7626,72,927,0.9223,42,508,0.9173,3.5918,6961,1195,1617,1153,0
317,106,128,0.1719,7,403,0.9826,116,195,0.4051,231,925,0.7503,0,224,1.0,27,418,0.9354,0,357,1.0,11,98,0.8878,9,332,0.9729,1,216,0.9954,530,2237,0.7631,72,928,0.9224,43,508,0.9154,3.5857,6969,1196,1622,1153,0
318,106,128,0.1719,7,403,0.9826,116,196,0.4082,231,925,0.7503,0,226,1.0,28,420,0.9333,0,357,1.0,12,99,0.8788,9,332,0.9729,1,218,0.9954,530,2238,0.7632,72,929,0.9225,43,508,0.9154,3.5774,6979,1198,1628,1155,0
319,106,128,0.1719,7,403,0.9826,115,196,0.4133,232,926,0.7495,0,229,1.0,28,421,0.9335,0,357,1.0,12,100,0.88,9,332,0.9729,1,220,0.9955,530,2238,0.7632,73,929,0.9214,43,508,0.9154,3.5707,6987,1202,1633,1156,0
320,105,128,0.1797,7,403,0.9826,116,197,0.4112,232,927,0.7497,0,232,1.0,28,422,0.9336,0,357,1.0,12,101,0.8812,9,332,0.9729,1,222,0.9955,530,2238,0.7632,73,930,0.9215,43,508,0.9154,3.5638,6997,1205,1639,1156,0
321,105,128,0.1797,7,403,0.9826,116,197,0.4112,231,928,0.7511,0,234,1.0,28,424,0.934,0,357,1.0,12,102,0.8824,9,332,0.9729,1,223,0.9955,530,2239,0.7633,73,931,0.9216,43,508,0.9154,3.559,7006,1206,1644,1155,0
322,105,128,0.1797,7,403,0.9826,116,198,0.4141,234,929,0.7481,0,237,1.0,29,425,0.9318,0,357,1.0,12,103,0.8835,9,332,0.9729,1,225,0.9956,530,2239,0.7633,73,932,0.9217,43,508,0.9154,3.5497,7016,1210,1650,1159,0
323,105,128,0.1797,7,403,0.9826,116,198,0.4141,234,929,0.7481,0,240,1.0,29,426,0.9319,0,357,1.0,12,104,0.8846,9,332,0.9729,1,227,0.9956,531,2239,0.7628,73,933,0.9218,43,508,0.9154,3.5432,7024,1214,1655,1160,0
324,105,128,0.1797,7,403,0.9826,116,199,0.4171,234,930,0.7484,0,243,1.0,29,428,0.9322,0,357,1.0,12,104,0.8846,9,332,0.9729,1,228,0.9956,530,2239,0.7633,73,934,0.9218,43,509,0.9155,3.537,7034,1215,1661,1159,0
325,105,128,0.1797,7,403,0.9826,116,199,0.4171,234,931,0.7487,0,245,1.0,28,429,0.9347,0,357,1.0,12,105,0.8857,10,332,0.9699,1,230,0.9957,530,2240,0.7634,73,935,0.9219,43,509,0.9155,3.5318,7043,1222,1666,1159,0
326,105,128,0.1797,7,403,0.9826,115,200,0.425,234,932,0.7489,0,248,1.0,28,430,0.9349,0,357,1.0,12,106,0.8868,10,332,0.9699,1,232,0.9957,530,2240,0.7634,75,935,0.9198,43,509,0.9155,3.5239,7052,1225,1672,1160,0
327,106,128,0.1719,7,403,0.9826,116,200,0.42,235,933,0.7481,0,251,1.0,28,432,0.9352,0,357,1.0,12,107,0.8879,10,332,0.9699,1,233,0.9957,530,2240,0.7634,75,936,0.9199,43,509,0.9155,3.517,7061,1226,1677,1163,0
328,106,128,0.1719,7,403,0.9826,117,201,0.4179,235,933,0.7481,0,254,1.0,28,433,0.9353,0,357,1.0,12,108,0.8889,10,332,0.9699,1,235,0.9957,531,2241,0.7631,75,937,0.92,43,509,0.9155,3.5092,7071,1230,1683,1165,0
329,106,128,0.1719,7,403,0.9826,117,201,0.4179,237,934,0.7463,0,256,1.0,28,434,0.9355,0,357,1.0,13,109,0.8807,10,332,0.9699,1,237,0.9958,530,2241,0.7635,75,938,0.92,43,509,0.9155,3.5024,7079,1236,1688,1167,0
330,106,128,0.1719,7,403,0.9826,117,202,0.4208,239,935,0.7444,0,259,1.0,29,436,0.9335,0,357,1.0,13,110,0.8818,10,332,0.9699,1,238,0.9958,533,2241,0.7622,75,939,0.9201,43,509,0.9155,3.4923,7089,1236,1694,1173,0
331,106,128,0.1719,7,403,0.9826,117,202,0.4208,239,936,0.7447,0,262,1.0,29,437,0.9336,0,357,1.0,13,111,0.8829,10,332,0.9699,1,240,0.9958,535,2242,0.7614,76,940,0.9191,43,509,0.9155,3.4862,7099,1238,1699,1176,0
332,107,128,0.1641,7,403,0.9826,118,203,0.4187,239,937,0.7449,0,264,1.0,30,438,0.9315,0,357,1.0,13,112,0.8839,10,332,0.9699,1,242,0.9959,536,2242,0.7609,76,940,0.9191,43,509,0.9155,3.4762,7107,1245,1705,1180,0
333,107,128,0.1641,7,403,0.9826,118,203,0.4187,240,938,0.7441,0,267,1.0,30,439,0.9317,0,357,1.0,13,113,0.885,10,332,0.9699,1,244,0.9959,538,2242,0.76,76,941,0.9192,43,509,0.9155,3.4676,7116,1249,1711,1183,0
334,108,128,0.1562,7,403,0.9826,118,204,0.4216,240,939,0.7444,0,275,1.0,30,441,0.932,0,357,1.0,13,124,0.8952,10,332,0.9699,1,244,0.9959,537,2243,0.7606,77,942,0.9183,43,510,0.9157,3.4801,7142,1249,1712,1184,0
335,108,129,0.1628,7,403,0.9826,118,204,0.4216,240,940,0.7447,0,283,1.0,31,442,0.9299,0,357,1.0,13,136,0.9044,10,332,0.9699,1,244,0.9959,536,2243,0.761,77,943,0.9183,43,510,0.9157,3.4921,7166,1254,1713,1184,0
336,108,129,0.1628,7,403,0.9826,118,205,0.4244,240,941,0.745,0,291,1.0,31,443,0.93,0,357,1.0,13,148,0.9122,10,332,0.9699,1,244,0.9959,537,2243,0.7606,77,944,0.9184,43,511,0.9159,3.5041,7191,1253,1714,1185,0
337,109,130,0.1615,7,403,0.9826,118,205,0.4244,241,942,0.7442,0,299,1.0,31,445,0.9303,0,357,1.0,14,160,0.9125,10,333,0.97,1,244,0.9959,540,2244,0.7594,77,945,0.9185,43,511,0.9159,3.5143,7218,1255,1715,1191,0
338,110,130,0.1538,7,403,0.9826,118,206,0.4272,241,943,0.7444,0,307,1.0,32,446,0.9283,0,357,1.0,14,172,0.9186,10,333,0.97,1,244,0.9959,541,2244,0.7589,77,946,0.9186,43,512,0.916,3.5251,7243,1257,1716,1194,0
339,110,131,0.1603,7,403,0.9826,118,206,0.4272,241,944,0.7447,0,315,1.0,34,447,0.9239,0,357,1.0,14,184,0.9239,10,333,0.97,1,244,0.9959,541,2244,0.7589,77,946,0.9186,43,513,0.9162,3.5338,7267,1258,1718,1196,0
340,110,131,0.1603,7,403,0.9826,118,207,0.43,241,945,0.745,0,323,1.0,34,449,0.9243,0,357,1.0,14,196,0.9286,10,333,0.97,1,244,0.9959,541,2245,0.759,77,947,0.9187,43,513,0.9162,3.5468,7293,1258,1719,1196,0
341,110,132,0.1667,7,403,0.9826,118,207,0.43,241,946,0.7452,0,331,1.0,34,450,0.9244,0,357,1.0,14,207,0.9324,10,334,0.9701,1,244,0.9959,541,2245,0.759,77,948,0.9188,43,514,0.9163,3.5593,7318,1259,1720,1196,0
342,110,132,0.1667,7,403,0.9826,118,208,0.4327,240,947,0.7466,0,339,1.0,34,451,0.9246,0,357,1.0,14,219,0.9361,10,334,0.9701,1,244,0.9959,541,2246,0.7591,77,949,0.9189,43,514,0.9163,3.5723,7343,1260,1721,1195,0
343,110,133,0.1729,7,403,0.9826,118,208,0.4327,240,948,0.7468,0,347,1.0,36,453,0.9205,0,357,1.0,14,231,0.9394,10,334,0.9701,1,244,0.9959,541,2246,0.7591,77,950,0.9189,43,515,0.9165,3.5842,7369,1259,1722,1197,0
344,110,134,0.1791,7,403,0.9826,118,209,0.4354,240,949,0.7471,0,355,1.0,36,454,0.9207,0,357,1.0,14,243,0.9424,10,334,0.9701,1,244,0.9959,544,2246,0.7578,77,951,0.919,43,516,0.9167,3.5955,7395,1262,1723,1200,0
345,110,134,0.1791,7,403,0.9826,118,209,0.4354,240,950,0.7474,0,363,1.0,37,455,0.9187,0,357,1.0,14,255,0.9451,10,335,0.9701,1,244,0.9959,545,2247,0.7575,77,952,0.9191,43,516,0.9167,3.6046,7420,1262,1725,1202,0
346,110,135,0.1852,7,403,0.9826,118,210,0.4381,240,951,0.7476,0,371,1.0,39,457,0.9147,0,357,1.0,14,267,0.9476,9,335,0.9731,1,244,0.9959,545,2247,0.7575,77,952,0.9191,43,517,0.9168,3.5941,7446,1267,1737,1203,0
347,110,135,0.1852,7,403,0.9826,117,210,0.4429,240,952,0.7479,0,379,1.0,40,458,0.9127,1,357,0.9972,14,279,0.9498,9,335,0.9731,1,244,0.9959,545,2248,0.7576,78,953,0.9182,44,517,0.9149,3.5815,7470,1268,1749,1206,0
348,111,136,0.1838,7,403,0.9826,117,211,0.4455,240,953,0.7482,0,387,1.0,40,459,0.9129,1,357,0.9972,14,291,0.9519,9,336,0.9732,1,244,0.9959,545,2248,0.7576,78,954,0.9182,44,518,0.9151,3.5718,7497,1271,1761,1207,0
349,112,136,0.1765,7,403,0.9826,117,211,0.4455,240,954,0.7484,0,389,1.0,40,461,0.9132,1,357,0.9972,14,293,0.9522,9,336,0.9732,1,244,0.9959,545,2248,0.7576,78,955,0.9183,44,519,0.9152,3.5764,7506,1274,1761,1208,0
350,112,137,0.1825,8,403,0.9801,117,212,0.4481,240,955,0.7487,0,391,1.0,40,462,0.9134,1,357,0.9972,14,295,0.9525,9,336,0.9732,1,244,0.9959,545,2249,0.7577,78,956,0.9184,44,519,0.9152,3.5815,7516,1275,1761,1209,0
351,111,137,0.1898,8,403,0.9801,117,212,0.4481,240,956,0.749,0,393,1.0,40,463,0.9136,1,357,0.9972,15,297,0.9495,9,336,0.9732,1,244,0.9959,545,2249,0.7577,78,957,0.9185,44,520,0.9154,3.584,7524,1278,1762,1209,0
352,111,138,0.1957,8,403,0.9801,117,213,0.4507,242,957,0.7471,0,395,1.0,41,465,0.9118,1,357,0.9972,15,300,0.95,10,336,0.9702,1,244,0.9959,546,2249,0.7572,77,957,0.9195,44,520,0.9154,3.5874,7534,1283,1762,1213,0
353,112,138,0.1884,8,403,0.9801,117,213,0.4507,242,958,0.7474,0,396,1.0,41,466,0.912,1,357,0.9972,15,302,0.9503,10,336,0.9702,1,244,0.9959,546,2250,0.7573,77,958,0.9196,44,521,0.9155,3.5914,7542,1284,1762,1214,0
354,112,139,0.1942,8,403,0.9801,117,214,0.4533,242,959,0.7477,0,398,1.0,41,467,0.9122,1,357,0.9972,15,304,0.9507,10,336,0.9702,1,244,0.9959,546,2250,0.7573,78,959,0.9187,44,522,0.9157,3.5944,7552,1285,1763,1215,0
355,112,140,0.2,8,403,0.9801,118,214,0.4486,242,960,0.7479,0,400,1.0,41,469,0.9126,1,357,0.9972,15,307,0.9511,10,336,0.9702,1,244,0.9959,547,2251,0.757,77,960,0.9198,44,522,0.9157,3.6001,7563,1284,1763,1216,0
356,112,140,0.2,8,403,0.9801,118,215,0.4512,242,961,0.7482,0,402,1.0,41,470,0.9128,1,357,0.9972,15,309,0.9515,10,337,0.9703,1,244,0.9959,547,2251,0.757,77,961,0.9199,44,523,0.9159,3.6058,7573,1284,1763,1216,0
357,113,141,0.1986,8,403,0.9801,118,215,0.4512,242,963,0.7487,0,404,1.0,41,471,0.913,1,357,0.9972,15,311,0.9518,10,337,0.9703,1,244,0.9959,547,2251,0.757,77,962,0.92,44,523,0.9159,3.6083,7582,1285,1764,1217,0
358,113,141,0.1986,8,403,0.9801,118,216,0.4537,242,964,0.749,0,405,1.0,41,473,0.9133,1,357,0.9972,15,314,0.9522,10,337,0.9703,1,244,0.9959,547,2252,0.7571,77,963,0.92,44,524,0.916,3.6002,7593,1285,1771,1217,0
359,113,142,0.2042,8,403,0.9801,118,216,0.4537,242,965,0.7492,0,407,1.0,42,474,0.9114,1,357,0.9972,15,316,0.9525,10,337,0.9703,1,244,0.9959,548,2252,0.7567,76,963,0.9211,44,525,0.9162,3.588,7601,1287,1779,1218,0
360,113,142,0.2042,8,403,0.9801,118,217,0.4562,242,967,0.7497,0,409,1.0,42,475,0.9116,1,357,0.9972,16,318,0.9497,10,337,0.9703,1,244,0.9959,547,2253,0.7572,77,964,0.9201,44,525,0.9162,3.5789,7611,1293,1786,1219,0
361,113,143,0.2098,8,403,0.9801,118,217,0.4562,243,968,0.749,0,411,1.0,42,476,0.9118,1,357,0.9972,16,321,0.9502,10,337,0.9703,1,244,0.9959,547,2253,0.7572,77,965,0.9202,44,526,0.9163,3.568,7621,1296,1794,1220,0
362,114,143,0.2028,8,403,0.9801,119,218,0.4541,243,970,0.7495,0,413,1.0,43,478,0.91,1,357,0.9972,16,323,0.9505,10,337,0.9703,1,244,0.9959,546,2253,0.7577,78,966,0.9193,44,526,0.9163,3.558,7631,1298,1801,1223,0
363,114,144,0.2083,8,403,0.9801,120,218,0.4495,244,971,0.7487,0,414,1.0,43,479,0.9102,1,357,0.9972,18,325,0.9446,10,337,0.9703,1,244,0.9959,546,2254,0.7578,78,967,0.9193,44,527,0.9165,3.5451,7640,1300,1809,1227,0
364,114,145,0.2138,8,403,0.9801,120,219,0.4521,244,972,0.749,0,416,1.0,43,480,0.9104,1,357,0.9972,18,328,0.9451,11,338,0.9675,1,244,0.9959,546,2254,0.7578,80,968,0.9174,44,528,0.9167,3.5344,7652,1306,1817,1230,0
365,114,145,0.2138,8,402,0.9801,120,219,0.4521,246,974,0.7474,0,417,1.0,43,482,0.9108,1,357,0.9972,18,328,0.9451,11,338,0.9675,1,244,0.9959,546,2254,0.7578,81,969,0.9164,44,528,0.9167,3.5355,7657,1309,1817,1233,0
366,114,145,0.2138,8,402,0.9801,120,219,0.4521,246,975,0.7477,0,418,1.0,43,483,0.911,1,357,0.9972,18,329,0.9453,11,338,0.9675,2,244,0.9918,548,2255,0.757,81,969,0.9164,44,529,0.9168,3.5371,7663,1314,1817,1236,0
367,114,145,0.2138,8,402,0.9801,120,220,0.4545,246,977,0.7482,0,419,1.0,44,484,0.9091,1,357,0.9972,18,330,0.9455,11,339,0.9676,2,244,0.9918,547,2255,0.7574,81,970,0.9165,44,529,0.9168,3.5416,7671,1312,1817,1236,0
368,113,145,0.2207,8,402,0.9801,120,220,0.4545,246,978,0.7485,0,420,1.0,44,486,0.9095,1,357,0.9972,18,331,0.9456,11,339,0.9676,2,244,0.9918,546,2256,0.758,81,971,0.9166,44,530,0.917,3.5451,7679,1309,1818,1234,0
369,114,145,0.2138,8,402,0.9801,120,220,0.4545,246,979,0.7487,0,421,1.0,45,487,0.9076,1,357,0.9972,19,332,0.9428,11,340,0.9676,2,244,0.9918,548,2256,0.7571,81,972,0.9167,44,531,0.9171,3.5462,7686,1310,1818,1239,0
370,115,145,0.2069,8,402,0.9801,120,221,0.457,246,981,0.7492,0,422,1.0,45,488,0.9078,1,357,0.9972,19,332,0.9428,11,340,0.9676,2,244,0.9918,549,2256,0.7566,81,973,0.9168,44,531,0.9171,3.5484,7692,1311,1818,1241,0
371,116,145,0.2,8,402,0.9801,119,221,0.4615,246,982,0.7495,0,423,1.0,45,490,0.9082,1,357,0.9972,19,333,0.9429,11,340,0.9676,2,244,0.9918,549,2257,0.7568,81,974,0.9168,44,532,0.9173,3.5509,7700,1312,1819,1241,0
372,116,145,0.2,8,402,0.9801,120,221,0.457,246,984,0.75,0,424,1.0,45,491,0.9084,1,357,0.9972,19,334,0.9431,11,341,0.9677,2,244,0.9918,550,2257,0.7563,81,974,0.9168,44,532,0.9173,3.5531,7706,1311,1819,1243,0
373,118,145,0.1862,8,402,0.9801,119,222,0.464,246,985,0.7503,0,425,1.0,45,492,0.9085,1,357,0.9972,19,335,0.9433,11,341,0.9677,2,244,0.9918,550,2258,0.7564,82,975,0.9159,44,533,0.9174,3.5563,7714,1311,1819,1245,0
374,118,145,0.1862,8,402,0.9801,119,222,0.464,246,987,0.7508,0,426,1.0,46,494,0.9069,1,357,0.9972,20,336,0.9405,11,342,0.9678,2,244,0.9918,550,2258,0.7564,82,976,0.916,44,534,0.9176,3.5582,7723,1312,1820,1247,0
375,119,145,0.1793,8,402,0.9801,119,223,0.4664,246,988,0.751,0,427,1.0,46,495,0.9071,1,357,0.9972,20,336,0.9405,11,342,0.9678,2,244,0.9918,550,2258,0.7564,82,977,0.9161,44,534,0.9176,3.5546,7728,1314,1823,1248,0
376,119,145,0.1793,8,402,0.9801,120,223,0.4619,246,989,0.7513,0,428,1.0,46,496,0.9073,1,357,0.9972,20,337,0.9407,11,342,0.9678,2,244,0.9918,549,2259,0.757,83,978,0.9151,45,535,0.9159,3.5515,7735,1315,1826,1250,0
377,119,145,0.1793,8,402,0.9801,120,223,0.4619,246,990,0.7515,0,429,1.0,46,498,0.9076,1,357,0.9972,20,338,0.9408,11,343,0.9679,2,244,0.9918,548,2259,0.7574,83,979,0.9152,45,535,0.9159,3.55,7742,1316,1829,1249,0
378,119,145,0.1793,8,402,0.9801,120,224,0.4643,247,991,0.7508,0,430,1.0,46,499,0.9078,1,357,0.9972,20,339,0.941,11,343,0.9679,2,244,0.9918,550,2259,0.7565,83,980,0.9153,45,536,0.916,3.5464,7749,1317,1832,1252,0
379,119,145,0.1793,8,402,0.9801,120,224,0.4643,247,992,0.751,0,432,1.0,47,500,0.906,1,357,0.9972,20,340,0.9412,11,344,0.968,2,244,0.9918,550,2260,0.7566,83,980,0.9153,45,537,0.9162,3.5444,7757,1319,1835,1253,0
380,120,145,0.1724,8,402,0.9801,120,224,0.4643,247,993,0.7513,0,432,1.0,47,502,0.9064,1,357,0.9972,20,341,0.9413,11,344,0.968,2,244,0.9918,550,2260,0.7566,83,981,0.9154,45,537,0.9162,3.5466,7762,1320,1835,1254,0
381,120,145,0.1724,8,402,0.9801,120,225,0.4667,247,994,0.7515,0,432,1.0,47,503,0.9066,1,357,0.9972,20,341,0.9413,11,344,0.968,2,244,0.9918,551,2261,0.7563,82,982,0.9165,45,538,0.9164,3.5499,7768,1320,1835,1254,0
382,121,145,0.1655,8,402,0.9801,120,225,0.4667,247,995,0.7518,0,432,1.0,47,504,0.9067,1,357,0.9972,20,342,0.9415,11,344,0.968,2,244,0.9918,550,2261,0.7567,82,983,0.9166,45,539,0.9165,3.5526,7773,1321,1835,1254,0
383,121,145,0.1655,8,402,0.9801,120,225,0.4667,248,996,0.751,0,432,1.0,47,506,0.9071,1,357,0.9972,20,343,0.9417,11,344,0.968,2,244,0.9918,550,2261,0.7567,82,984,0.9167,45,539,0.9165,3.5548,7778,1318,1835,1255,0
384,121,145,0.1655,8,402,0.9801,121,226,0.4646,248,997,0.7513,0,432,1.0,48,507,0.9053,1,357,0.9972,20,344,0.9419,11,344,0.968,2,244,0.9918,551,2262,0.7564,81,985,0.9178,45,540,0.9167,3.5575,7785,1320,1835,1257,0
385,120,145,0.1724,8,402,0.9801,121,226,0.4646,248,998,0.7515,0,432,1.0,48,508,0.9055,2,357,0.9944,20,345,0.942,11,344,0.968,2,244,0.9918,552,2262,0.756,81,986,0.9178,45,540,0.9167,3.5591,7789,1321,1835,1258,0
386,120,145,0.1724,8,402,0.9801,121,227,0.467,248,999,0.7518,0,432,1.0,48,510,0.9059,2,357,0.9944,20,345,0.942,11,344,0.968,2,244,0.9918,552,2263,0.7561,81,986,0.9178,45,541,0.9168,3.5624,7795,1321,1835,1258,0
387,121,145,0.1655,8,402,0.9801,121,227,0.467,247,1000,0.753,0,432,1.0,48,511,0.9061,2,357,0.9944,21,346,0.9393,11,344,0.968,2,244,0.9918,552,2263,0.7561,81,987,0.9179,45,542,0.917,3.5646,7800,1322,1835,1259,0
388,121,145,0.1655,8,402,0.9801,121,227,0.467,247,1001,0.7532,0,432,1.0,48,512,0.9062,2,357,0.9944,21,347,0.9395,11,344,0.968,2,244,0.9918,552,2263,0.7561,81,988,0.918,45,542,0.917,3.5668,7804,1322,1835,1259,0
389,121,145,0.1655,8,402,0.9801,121,228,0.4693,247,1002,0.7535,0,432,1.0,48,513,0.9064,2,357,0.9944,21,348,0.9397,11,344,0.968,2,244,0.9918,554,2264,0.7553,81,989,0.9181,45,543,0.9171,3.5675,7811,1323,1836,1261,0
390,121,145,0.1655,8,402,0.9801,121,228,0.4693,247,1002,0.7535,0,432,1.0,48,515,0.9068,2,357,0.9944,21,349,0.9398,11,344,0.968,2,244,0.9918,554,2264,0.7553,81,990,0.9182,45,543,0.9171,3.56,7815,1325,1841,1261,0
391,120,145,0.1724,8,402,0.9801,121,228,0.4693,249,1002,0.7515,0,432,1.0,48,516,0.907,2,357,0.9944,21,349,0.9398,11,344,0.968,2,244,0.9918,554,2264,0.7553,81,991,0.9183,45,544,0.9173,3.5495,7818,1326,1847,1262,0
392,120,145,0.1724,8,402,0.9801,121,229,0.4716,249,1003,0.7517,0,432,1.0,48,517,0.9072,2,357,0.9944,21,350,0.94,11,344,0.968,2,244,0.9918,555,2265,0.755,81,991,0.9183,45,545,0.9174,3.5407,7824,1330,1853,1263,0
393,121,145,0.1655,8,402,0.9801,123,229,0.4629,249,1003,0.7517,0,432,1.0,48,519,0.9075,2,357,0.9944,21,351,0.9402,11,344,0.968,2,244,0.9918,555,2265,0.755,81,992,0.9183,44,545,0.9193,3.5304,7828,1333,1859,1265,0
394,121,145,0.1655,8,402,0.9801,123,230,0.4652,249,1003,0.7517,0,432,1.0,48,520,0.9077,2,357,0.9944,21,352,0.9403,11,344,0.968,2,244,0.9918,558,2266,0.7538,81,993,0.9184,44,546,0.9194,3.5206,7834,1337,1865,1268,0
395,120,145,0.1724,8,402,0.9801,123,230,0.4652,249,1004,0.752,0,432,1.0,49,521,0.906,2,357,0.9944,21,353,0.9405,12,344,0.9651,2,244,0.9918,558,2266,0.7538,81,994,0.9185,44,546,0.9194,3.5374,7838,1339,1857,1269,8
396,120,145,0.1724,8,402,0.9801,123,230,0.4652,249,1004,0.752,0,432,1.0,50,523,0.9044,2,357,0.9944,21,354,0.9407,12,344,0.9651,2,244,0.9918,558,2266,0.7538,81,995,0.9186,44,547,0.9196,3.553,7843,1338,1850,1270,15
397,121,145,0.1655,8,402,0.9801,123,230,0.4652,249,1004,0.752,0,437,1.0,50,524,0.9046,2,357,0.9944,22,355,0.938,12,344,0.9651,2,244,0.9918,558,2267,0.7539,81,996,0.9187,45,548,0.9179,3.5548,7853,1340,1851,1273,14
398,121,145,0.1655,8,402,0.9801,123,230,0.4652,249,1005,0.7522,0,442,1.0,51,525,0.9029,2,357,0.9944,22,356,0.9382,12,344,0.9651,2,244,0.9918,558,2267,0.7539,81,997,0.9188,45,548,0.9179,3.5553,7862,1338,1853,1274,12
399,121,145,0.1655,8,402,0.9801,123,230,0.4652,249,1005,0.7522,0,447,1.0,51,527,0.9032,2,357,0.9944,22,357,0.9384,12,344,0.9651,2,244,0.9918,559,2268,0.7535,81,997,0.9188,45,549,0.918,3.5563,7872,1340,1855,1275,10
400,121,145,0.1655,8,402,0.9801,123,230,0.4652,249,1005,0.7522,0,452,1.0,51,528,0.9034,2,357,0.9944,22,359,0.9387,12,344,0.9651,2,244,0.9918,561,2268,0.7526,81,998,0.9188,45,549,0.918,3.5563,7881,1341,1857,1277,8
401,121,145,0.1655,8,402,0.9801,123,230,0.4652,250,1006,0.7515,0,457,1.0,51,529,0.9036,2,357,0.9944,22,360,0.9389,12,344,0.9651,2,244,0.9918,561,2268,0.7526,81,999,0.9189,45,550,0.9182,3.5573,7891,1341,1859,1278,6
402,121,145,0.1655,8,402,0.9801,123,230,0.4652,250,1006,0.7515,0,463,1.0,51,531,0.904,2,357,0.9944,23,361,0.9363,12,344,0.9651,2,244,0.9918,561,2269,0.7528,81,1000,0.919,46,551,0.9165,3.5608,7903,1341,1860,1280,5
403,122,145,0.1586,8,402,0.9801,123,230,0.4652,250,1006,0.7515,0,468,1.0,51,532,0.9041,2,357,0.9944,23,363,0.9366,12,345,0.9652,2,244,0.9918,561,2269,0.7528,81,1001,0.9191,46,551,0.9165,3.5618,7913,1342,1862,1281,3
404,122,145,0.1586,8,402,0.9801,123,230,0.4652,250,1007,0.7517,0,473,1.0,51,533,0.9043,2,357,0.9944,23,364,0.9368,12,345,0.9652,2,244,0.9918,562,2269,0.7523,81,1002,0.9192,46,552,0.9167,3.5628,7923,1342,1864,1282,1
405,122,145,0.1586,8,402,0.9801,122,230,0.4696,250,1007,0.7517,0,478,1.0,53,535,0.9009,1,357,0.9972,23,365,0.937,12,345,0.9652,3,244,0.9877,562,2270,0.7524,82,1003,0.9182,46,552,0.9167,3.5632,7933,1342,1866,1284,0
406,122,145,0.1586,8,402,0.9801,122,230,0.4696,250,1007,0.7517,0,483,1.0,54,536,0.8993,1,357,0.9972,23,367,0.9373,12,345,0.9652,3,244,0.9877,562,2270,0.7524,82,1003,0.9182,46,553,0.9168,3.5637,7942,1340,1868,1285,0
407,122,145,0.1586,8,402,0.9801,122,230,0.4696,250,1008,0.752,0,489,1.0,54,537,0.8994,1,357,0.9972,25,368,0.9321,12,345,0.9652,3,244,0.9877,563,2271,0.7521,83,1004,0.9173,46,554,0.917,3.5642,7954,1343,1870,1289,0
408,122,145,0.1586,8,402,0.9801,122,230,0.4696,250,1009,0.7522,0,505,1.0,54,539,0.8998,1,357,0.9972,25,369,0.9322,12,345,0.9652,3,244,0.9877,564,2271,0.7517,83,1005,0.9174,46,554,0.917,3.571,7975,1344,1872,1290,0
409,122,145,0.1586,8,402,0.9801,122,230,0.4696,250,1010,0.7525,0,521,1.0,54,540,0.9,1,357,0.9972,25,371,0.9326,12,346,0.9653,3,244,0.9877,565,2271,0.7512,83,1006,0.9175,46,555,0.9171,3.5657,7998,1347,1881,1291,0
410,122,145,0.1586,8,402,0.9801,123,230,0.4652,250,1011,0.7527,0,521,1.0,55,541,0.8983,1,357,0.9972,25,371,0.9326,12,346,0.9653,3,244,0.9877,565,2272,0.7513,83,1007,0.9176,46,555,0.9171,3.5404,8002,1349,1895,1293,0
411,122,145,0.1586,8,402,0.9801,123,230,0.4652,250,1012,0.753,0,521,1.0,56,543,0.8969,1,357,0.9972,25,371,0.9326,12,346,0.9653,3,244,0.9877,566,2272,0.7509,83,1008,0.9177,46,556,0.9173,3.5141,8007,1351,1910,1295,0
412,122,145,0.1586,8,402,0.9801,123,230,0.4652,250,1013,0.7532,0,521,1.0,55,544,0.8989,1,357,0.9972,26,371,0.9299,12,346,0.9653,3,244,0.9877,566,2273,0.751,83,1008,0.9177,46,557,0.9174,3.4906,8011,1355,1924,1295,0
413,122,145,0.1586,8,402,0.9801,125,230,0.4565,253,1014,0.7505,0,521,1.0,57,545,0.8954,1,357,0.9972,27,371,0.9272,13,346,0.9624,3,244,0.9877,566,2273,0.751,82,1009,0.9187,46,557,0.9174,3.4611,8014,1369,1939,1303,0
414,122,145,0.1586,8,402,0.9801,126,230,0.4522,254,1015,0.7498,0,521,1.0,58,547,0.894,1,357,0.9972,26,371,0.9299,13,346,0.9624,3,244,0.9877,569,2273,0.7497,82,1010,0.9188,46,558,0.9176,3.4345,8019,1379,1954,1308,0
415,123,145,0.1517,8,402,0.9801,126,230,0.4522,257,1016,0.747,0,521,1.0,60,547,0.8903,1,357,0.9972,26,371,0.9299,13,346,0.9624,3,244,0.9877,569,2274,0.7498,83,1011,0.9179,46,558,0.9176,3.4324,8022,1388,1954,1315,0
416,123,145,0.1517,8,402,0.9801,126,230,0.4522,258,1017,0.7463,1,521,0.9981,62,547,0.8867,1,357,0.9972,27,371,0.9272,13,346,0.9624,2,244,0.9918,570,2274,0.7493,83,1012,0.918,46,559,0.9177,3.4314,8025,1394,1954,1320,0
417,123,145,0.1517,8,402,0.9801,126,230,0.4522,258,1018,0.7466,1,521,0.9981,63,547,0.8848,1,357,0.9972,27,371,0.9272,13,346,0.9624,2,244,0.9918,571,2274,0.7489,83,1013,0.9181,46,560,0.9179,3.4302,8028,1398,1955,1322,0
418,124,145,0.1448,8,402,0.9801,126,230,0.4522,258,1018,0.7466,1,521,0.9981,65,547,0.8812,1,357,0.9972,27,371,0.9272,13,346,0.9624,2,244,0.9918,570,2275,0.7495,83,1014,0.9181,46,560,0.9179,3.4302,8030,1401,1955,1324,0
419,124,145,0.1448,8,402,0.9801,126,230,0.4522,258,1018,0.7466,1,521,0.9981,65,547,0.8812,1,357,0.9972,28,371,0.9245,13,346,0.9624,2,244,0.9918,570,2275,0.7495,84,1014,0.9172,46,561,0.918,3.4297,8031,1403,1955,1326,0
420,124,145,0.1448,8,402,0.9801,127,230,0.4478,259,1018,0.7456,1,521,0.9981,66,547,0.8793,1,357,0.9972,28,371,0.9245,13,346,0.9624,2,244,0.9918,571,2276,0.7491,84,1015,0.9172,46,561,0.918,3.4286,8033,1404,1955,1330,0
421,124,145,0.1448,8,402,0.9801,127,230,0.4478,259,1018,0.7456,1,521,0.9981,67,547,0.8775,1,357,0.9972,28,371,0.9245,13,346,0.9624,2,244,0.9918,572,2276,0.7487,84,1016,0.9173,46,562,0.9181,3.4286,8035,1403,1955,1332,0
422,125,145,0.1379,8,402,0.9801,127,230,0.4478,259,1018,0.7456,1,521,0.9981,68,547,0.8757,1,357,0.9972,28,371,0.9245,13,346,0.9624,2,244,0.9918,572,2276,0.7487,84,1017,0.9174,46,563,0.9183,3.4286,8037,1403,1955,1334,0
423,125,145,0.1379,8,402,0.9801,127,230,0.4478,260,1018,0.7446,1,521,0.9981,69,547,0.8739,2,357,0.9944,28,371,0.9245,12,346,0.9653,2,244,0.9918,573,2277,0.7484,85,1018,0.9165,46,563,0.9183,3.4276,8039,1403,1955,1338,0
424,126,145,0.131,8,402,0.9801,127,230,0.4478,260,1019,0.7448,1,521,0.9981,70,547,0.872,2,357,0.9944,28,371,0.9245,12,346,0.9653,2,244,0.9918,573,2277,0.7484,85,1019,0.9166,46,564,0.9184,3.4264,8042,1403,1956,1340,0
425,126,145,0.131,8,402,0.9801,127,230,0.4478,260,1019,0.7448,1,521,0.9981,71,547,0.8702,2,357,0.9944,29,371,0.9218,13,346,0.9624,2,244,0.9918,575,2278,0.7476,85,1020,0.9167,46,565,0.9186,3.4254,8045,1405,1956,1345,0
