Day,Mahama sim,Mahama data,Mahama error,Nduta sim,Nduta data,Nduta error,Nyarugusu sim,Nyarugusu data,Nyarugusu error,Nakivale sim,Nakivale data,Nakivale error,Lusenda sim,Lusenda data,Lusenda error,Total error,refugees in camps (UNHCR),refugees in camps (simulation),raw UNHCR refugee count
0,0,0.0,0.0,0,0.0,0.0,0,210.0,1.0,0,0.0,0.0,0,0.0,0.0,0
1,953,773,0.232858990944,953,11,85.6363636364,953,3801,0.749276506183,953,186,4.12365591398,953,78,11.2179487179,1.1573520313466694,4849,4639,1795
2,1526,1547,0.0135746606335,1526,22,68.3636363636,1526,5596,0.727305218013,1526,373,3.09115281501,1526,156,8.78205128205,1.0551078762672212,7694,7484,3590
3,2270,2321,0.0219732873761,2270,33,67.7878787879,2270,7392,0.692911255411,2270,560,3.05357142857,2270,233,8.74248927039,1.0586393395957872,10539,10329,5385
4,3032,3094,0.0200387847447,3032,44,67.9090909091,3032,9188,0.670004353505,3032,747,3.05890227577,3032,312,8.71794871795,1.061710870377288,13385,13175,7180
5,3855,3868,0.00336091003102,3855,55,69.0909090909,3855,10983,0.649003004644,3855,934,3.12740899358,3855,390,8.88461538462,1.0675908810844117,16230,16020,8975
6,4738,4642,0.0206807410599,4738,66,70.7878787879,4738,12779,0.629235464434,4738,1120,3.23035714286,4738,467,9.14561027837,1.085142078221663,19074,18864,10770
7,5663,5415,0.0457987072946,5663,77,72.5454545455,5663,14574,0.611431316042,5663,1307,3.33282325937,5663,546,9.37179487179,1.1048861718144076,21919,21709,12565
8,6602,6189,0.0667312974632,6602,88,74.0227272727,6602,16370,0.596701282834,6602,1494,3.41900937082,6602,624,9.58012820513,1.1217847769028872,24765,24555,14360
9,7566,6963,0.0866006031883,7566,99,75.4242424242,7566,18166,0.583507651657,7566,1681,3.500892326,7566,702,9.77777777778,1.1379160479519033,27611,27401,16155
10,8600,7736,0.111685625646,8600,110,77.1818181818,8600,19961,0.56915986173,8600,1868,3.60385438972,8600,780,10.0256410256,1.1580036118863897,30455,30245,17950
11,9661,8510,0.135252643948,9661,121,78.8429752066,9661,21757,0.555959001701,9661,2055,3.70121654501,9661,858,10.2599067599,1.1770217110597279,33301,33091,19745
12,10741,9284,0.156936665231,10741,132,80.3712121212,10741,23552,0.5439453125,10741,2241,3.79294957608,10741,935,10.4877005348,1.194748782647189,36144,35934,21540
13,11901,10057,0.1833548772,11901,143,82.2237762238,11901,25348,0.530495502604,11901,2428,3.90156507414,11901,1014,10.7366863905,1.2159271608104643,38990,38780,23335
14,13071,10831,0.206813775275,13071,154,83.8766233766,13071,27144,0.518457117595,13071,2615,3.99847036329,13071,1092,10.9697802198,1.2349411989673964,41836,41626,25130
15,14294,11605,0.231710469625,14294,166,85.1084337349,14294,29159,0.509791145101,14294,2802,4.10135617416,14294,1170,11.2170940171,1.253797158255757,44902,44692,27145
16,15610,12378,0.261108418161,15610,177,87.1920903955,15610,31175,0.499278267843,15610,2989,4.2224824356,15610,1248,11.5080128205,1.2761481852106658,47967,47757,29160
17,16923,13152,0.286724452555,16923,188,89.0159574468,16923,33190,0.490117505273,16923,3175,4.33007874016,16923,1326,11.7624434389,1.2956438243420665,51031,50821,31175
18,17210,13926,0.235817894586,17210,199,85.4824120603,17210,35206,0.511162869965,17210,3362,4.11897679952,17210,1404,11.2578347578,1.2559846202192357,54097,53887,33190
19,17210,14699,0.170827947479,17210,210,80.9523809524,17210,37222,0.537639030681,17210,3549,3.84925331079,17210,1482,10.6126855601,1.2055561386935376,57162,56952,35205
20,17210,15473,0.112260065921,17210,221,76.8733031674,17210,39610,0.565513759152,17210,3736,3.60653104925,17210,1560,10.0320512821,1.1592409240924093,60600,60390,37593
21,17210,16247,0.0592724810734,17210,232,73.1810344828,17210,41999,0.59022833877,17210,3923,3.3869487637,17210,1638,9.50671550672,1.1178969065725572,64039,63829,39981
22,17210,17020,0.0111633372503,17210,243,69.8230452675,17210,44387,0.612273863969,17210,4110,3.18734793187,17210,1716,9.02913752914,1.080799098938882,67476,67266,42369
23,17210,17794,0.0328200517028,17210,254,66.7559055118,17210,46776,0.632076278433,17210,4296,3.00605214153,17210,1794,8.59308807135,1.0637673802070113,70914,70704,44757
24,17210,18568,0.0731365790607,17210,265,63.9433962264,17210,49165,0.649954235737,17210,4483,2.83894713362,17210,1871,8.19828968466,1.053421562298257,74352,74142,47145
25,17210,19341,0.110180445685,17210,276,61.3550724638,17210,49602,0.653038183944,17210,4670,2.6852248394,17210,1950,7.82564102564,1.0450691596671897,75839,75629,47582
26,17210,20115,0.144419587373,17210,287,58.9651567944,17210,50039,0.656068266752,17210,4857,2.54333950999,17210,2028,7.48619329389,1.0370638595039186,77326,77116,48019
27,17210,20889,0.17612140361,17210,298,56.7516778523,17210,50477,0.659052637835,17210,5044,2.41197462331,17210,2106,7.17188983856,1.029360265942599,78814,78604,48456
28,17210,21662,0.205521189179,17210,309,54.6957928803,17210,50914,0.661979023451,17210,5230,2.29063097514,17210,2184,6.88003663004,1.0219678949924658,80299,80089,48893
29,17210,22436,0.232929220895,17210,320,52.78125,17210,51351,0.664855601644,17210,5417,2.17703525937,17210,2262,6.608311229,1.0148191622038,81786,81576,49330
30,17210,23210,0.258509263249,17210,332,50.8373493976,17210,51789,0.667690050011,17210,5604,2.0710206995,17210,2340,6.3547008547,1.0079015310717503,83275,83065,49767
31,17210,23984,0.282438292195,17210,343,49.1749271137,17210,51921,0.668534889544,17210,5791,1.97185287515,17210,2418,6.11745244003,1.001255076547829,84457,84247,68770
32,17210,24212,0.289195440278,17210,354,47.615819209,17210,52053,0.669375444259,17210,5978,1.87888926062,17210,2496,5.89503205128,0.9947586758017698,85093,84883,68916
33,17210,24441,0.295855325069,17210,365,46.1506849315,17210,52185,0.67021174667,17210,6165,1.79156528792,17210,2574,5.68609168609,0.9883588008865042,85730,85520,69062
34,17210,24670,0.302391568707,17210,376,44.7712765957,17210,52317,0.671043828966,17210,6351,1.70980947882,17210,2652,5.48944193062,0.9820762800175995,86366,86156,69208
35,17210,24899,0.308807582634,17210,387,43.4702842377,17210,52449,0.671871723007,17210,6538,1.63230345671,17210,2730,5.30402930403,0.9758629012792662,87003,86793,69354
36,17210,25127,0.315079396665,17210,398,42.2412060302,17210,52581,0.672695460337,17210,6725,1.55910780669,17210,2808,5.12891737892,0.969739499537877,87639,87429,69500
37,17210,25356,0.321265183783,17210,409,41.0782396088,17210,52713,0.673515072183,17210,6912,1.48987268519,17210,2886,4.96327096327,0.9637047442113371,88276,88066,69646
38,17210,25585,0.327340238421,17210,420,39.9761904762,17210,52845,0.67433058946,17210,7099,1.42428511058,17210,2964,4.80634278003,0.9577564585606154,88913,88703,69792
39,17210,25814,0.333307507554,17210,431,38.9303944316,17210,52977,0.675142042773,17210,7285,1.36238846946,17210,3042,4.65746219592,0.9519145942444919,89549,89339,69938
40,17210,26042,0.339144458951,17210,442,37.9366515837,17210,53109,0.675949462426,17210,7472,1.30326552463,17210,3120,4.51602564103,0.9461329489382935,90185,89975,70084
41,17210,26271,0.344905028358,17210,453,36.9911699779,17210,53269,0.676922788113,17210,7659,1.24702963833,17210,3198,4.38148843027,0.9404512933406715,90850,90640,72933
42,17210,26500,0.350566037736,17210,464,36.0905172414,17210,53429,0.677890284303,17210,7846,1.19347438185,17210,3276,4.25335775336,0.9348522100202152,91515,91305,75782
43,17210,26729,0.356130046017,17210,475,35.2315789474,17210,53590,0.678857995895,17210,8033,1.14241254824,17210,3354,4.13118664281,0.9293346785129256,92181,91971,78631
44,17210,26958,0.361599525187,17210,487,34.3388090349,17210,53750,0.679813953488,17210,8220,1.09367396594,17210,3432,4.01456876457,0.92387476170474,92847,92637,81480
45,17210,27024,0.363158673771,17210,498,33.5582329317,17210,53910,0.680764236691,17210,8304,1.07249518304,17210,3510,3.90313390313,0.9204898869656607,93246,93036,81885
46,17210,27091,0.36473367539,17210,509,32.8113948919,17210,54071,0.681714782416,17210,8389,1.05149600668,17210,3588,3.79654403567,0.9171151546215616,93648,93438,82290
47,17210,27158,0.36630090581,17210,520,32.0961538462,17210,54231,0.682653832679,17210,8474,1.03091810243,17210,3666,3.69448990726,0.9137683547937777,94049,93839,82695
48,17210,27224,0.367837202468,17210,531,31.4105461394,17210,54392,0.683593175467,17210,8559,1.01074891927,17210,3743,3.59791611007,0.9104702008491355,94449,94239,83100
49,17210,27291,0.369389175919,17210,542,30.7527675277,17210,54429,0.683808263977,17210,8627,0.994899733395,17210,3822,3.50287807431,0.9073814023714246,94711,94501,83137
50,17210,27358,0.370933547774,17210,553,30.1211573237,17210,54466,0.684023060258,17210,8695,0.979298447384,17210,3900,3.41282051282,0.9043296971739039,94972,94762,83174
51,17210,27424,0.372447491249,17210,564,29.5141843972,17210,54504,0.684243358286,17210,8764,0.963715198539,17210,3977,3.32738244908,0.9012947192674808,95233,95023,83211
52,17210,27491,0.373976937907,17210,575,28.9304347826,17210,54541,0.684457564034,17210,8832,0.948596014493,17210,4056,3.24309664694,0.898256453217446,95495,95285,83248
53,17210,27558,0.375498947674,17210,586,28.3686006826,17210,54579,0.68467725682,17210,8901,0.933490619032,17210,4134,3.16303821964,0.8952359071826897,95758,95548,83285
54,17210,27625,0.377013574661,17210,597,27.8274706868,17210,55197,0.688207692447,17210,8969,0.918831530828,17210,4212,3.08594491928,0.8928985507246376,96600,96390,96733
55,17210,27841,0.381846916418,17210,608,27.3059210526,17210,55816,0.691665472266,17210,9038,0.904182341226,17210,4290,3.01165501166,0.8907503611939381,97593,97383,97212
56,17210,28057,0.386605838115,17210,619,26.802907916,17210,56435,0.695047399663,17210,9070,0.897464167585,17210,4368,2.94001831502,0.8893545342925854,98549,98339,98449
57,17210,28274,0.391313574309,17210,630,26.3174603175,17210,57054,0.698355943492,17210,9103,0.890585521257,17210,4446,2.87089518668,0.8879676806656818,99507,99297,99686
58,17210,28490,0.395928395928,17210,641,25.848673947,17210,57782,0.70215638088,17210,9135,0.883962780515,17210,4524,2.8041556145,0.8867478025693036,100572,100362,98408
59,17210,28707,0.400494652872,17210,653,25.3552833078,17210,58510,0.70586224577,17210,9168,0.877181500873,17210,4602,2.7396784007,0.88551751279024,101640,101430,97130
60,17210,28980,0.406142167012,17210,664,24.9186746988,17210,59238,0.709477024883,17210,9201,0.870448864254,17210,4680,2.67735042735,0.884394188569816,102763,102553,106660
61,17210,29254,0.411704382307,17210,675,24.4962962963,17210,59415,0.710342506101,17210,9232,0.864168110919,17210,4758,2.61706599412,0.8827104341262314,103334,103124,106353
62,17210,29410,0.414824889493,17210,686,24.0874635569,17210,59593,0.711207692179,17210,9264,0.857728842832,17210,4836,2.55872622002,0.8808929655358467,103789,103579,106659
63,17210,29441,0.415441051595,17210,697,23.6915351506,17210,59771,0.712067725151,17210,9296,0.851333907057,17210,4914,2.50223850224,0.8789462057837667,104119,103909,110197
64,17210,29472,0.416055917481,17210,708,23.3079096045,17210,59949,0.71292265092,17210,9328,0.844982847341,17210,4992,2.44751602564,0.8770117473599556,104449,104239,113735
65,17210,29504,0.416689262473,17210,719,22.9360222531,17210,60127,0.713772514844,17210,9360,0.838675213675,17210,5070,2.39447731755,0.8750906661576636,104780,104570,117273
66,17210,29563,0.417853397828,17210,730,22.5753424658,17210,60305,0.714617361744,17210,9392,0.832410562181,17210,5148,2.34304584305,0.8732142517453252,105138,104928,117374
67,17210,29623,0.419032508524,17210,741,22.2253711201,17210,60483,0.715457235918,17210,9424,0.826188455008,17210,5226,2.29314963643,0.8713517919940852,105497,105287,118646
68,17210,29719,0.420909182678,17210,752,21.8856382979,17210,60661,0.716292181138,17210,9456,0.820008460237,17210,5304,2.24472096531,0.8695463302232463,105892,105682,120445
69,17210,29816,0.422793131205,17210,763,21.5557011796,17210,60839,0.717122240668,17210,9488,0.813870151771,17210,5382,2.19769602378,0.8677555321390937,106288,106078,122244
70,17210,29866,0.423759458916,17210,774,21.2351421189,17210,61482,0.720080674018,17210,9555,0.801151229723,17210,5460,2.15201465201,0.8658913353930014,107137,106927,122887
71,17210,29916,0.424722556492,17210,785,20.923566879,17210,62126,0.72298232624,17210,9623,0.788423568534,17210,5538,2.10762007945,0.864040448938771,107988,107778,123530
72,17210,29966,0.425682440099,17210,796,20.6206030151,17210,62770,0.725824438426,17210,9691,0.775874522753,17210,5616,2.06445868946,0.8622185062339787,108839,108629,124173
73,17210,30016,0.4266391258,17210,808,20.2995049505,17210,64363,0.732610350667,17210,9759,0.763500358643,17210,5694,2.0224798033,0.8616052060737527,110640,110430,125766
74,17210,30066,0.427592629548,17210,819,20.0134310134,17210,65099,0.735633419868,17210,9827,0.751297445813,17210,5772,1.98163548164,0.859960746708728,111583,111373,126502
75,17210,30116,0.428542967194,17210,830,19.734939759,17210,67153,0.743719565768,17210,9895,0.739262253663,17210,5850,1.94188034188,0.8599838375320614,113844,113634,128556
76,17210,30166,0.429490154479,17210,841,19.4637336504,17210,69322,0.751738264909,17210,9963,0.727391347988,17210,5928,1.90317139001,0.860144553433144,116220,116010,130725
77,17210,30216,0.430434207043,17210,852,19.1995305164,17210,69406,0.75203872864,17210,10030,0.715852442672,17210,6006,1.86546786547,0.8578147798472234,116510,116300,131178
78,17210,30266,0.431375140422,17210,863,18.9420625724,17210,69491,0.752342029903,17210,10098,0.704297880768,17210,6084,1.82873109796,0.8554819266793376,116802,116592,131631
79,17210,30316,0.432312970049,17210,874,18.6910755149,17210,69575,0.752641034854,17210,10166,0.692897894944,17210,6162,1.7929243752,0.8531594544507357,117093,116883,132084
80,17210,30367,0.433266374683,17210,885,18.4463276836,17210,69660,0.752942865346,17210,10234,0.681649403948,17210,6240,1.75801282051,0.8508510384543302,117386,117176,132537
81,17210,30647,0.438444219663,17210,896,18.2075892857,17210,69745,0.753243960141,17210,10302,0.670549407882,17210,6318,1.72396327952,0.8488482545713607,117908,117698,131371
82,17210,30701,0.439431940328,17210,907,17.9746416759,17210,71835,0.760423192037,17210,10370,0.659594985535,17210,6396,1.69074421513,0.8491294329043583,120209,119999,134280
83,17210,30756,0.440434386786,17210,918,17.7472766885,17210,73925,0.767196482922,17210,10438,0.648783291818,17210,6474,1.65832561013,0.8494012782525651,122511,122301,137189
84,17210,30810,0.441415124959,17210,929,17.5252960172,17210,74360,0.768558364712,17210,10444,0.647836078131,17210,6552,1.62667887668,0.8485722409521101,123095,122885,137624
85,17210,30865,0.442410497327,17210,940,17.3085106383,17210,74795,0.769904405375,17210,10450,0.646889952153,17210,6630,1.59577677225,0.8477522639068564,123680,123470,138059
86,17210,30920,0.44340232859,17210,951,17.0967402734,17210,75230,0.771234879702,17210,10456,0.645944912012,17210,6708,1.56559332141,0.8469400072425864,124265,124055,138494
87,17210,30974,0.444372699684,17210,962,16.8898128898,17210,77166,0.776974315113,17210,10462,0.64500095584,17210,6786,1.536103743,0.8479620102888801,126350,126140,140430
88,17210,31029,0.445357568726,17210,974,16.6694045175,17210,77874,0.779001977553,17210,10468,0.644058081773,17210,6864,1.50728438228,0.8474793450148967,127209,126999,142620
89,17210,31084,0.446338952516,17210,985,16.4720812183,17210,78582,0.780993102746,17210,10474,0.643116287951,17210,6942,1.47911264765,0.8470175767371766,128067,127857,144810
90,17210,31114,0.446872790384,17210,996,16.2791164659,17210,79290,0.782948669441,17210,10480,0.642175572519,17210,7020,1.45156695157,0.8465321955003879,128900,128690,147254
91,17210,31145,0.447423342431,17210,1007,16.090367428,17210,79478,0.783462090138,17210,10489,0.640766517304,17210,7098,1.4246266554,0.8453918602041527,129217,129007,147442
92,17210,31176,0.447972799589,17210,1018,15.905697446,17210,79667,0.783975799264,17210,10498,0.639359878072,17210,7176,1.39827201784,0.8442583085652526,129535,129325,147630
93,17210,31206,0.448503492918,17210,1029,15.7249757046,17210,79992,0.784853485349,17210,10507,0.637955648615,17210,7254,1.37248414668,0.8432932270671138,129988,129778,152162
94,17210,31237,0.449050805135,17210,1040,15.5480769231,17210,80318,0.785726736224,17210,10516,0.636553822746,17210,7332,1.34724495363,0.8423372660855699,130443,130233,156694
95,17210,31268,0.44959703211,17210,1051,15.3748810657,17210,80429,0.786022454587,17210,10525,0.635154394299,17210,7208,1.38762486127,0.8439772840490186,130481,130271,156957
96,17210,31299,0.450142177066,17210,1062,15.2052730697,17210,80540,0.786317357835,17210,10535,0.633602278121,17210,7084,1.42941840768,0.8456022065583818,130520,130310,157220
97,17210,31329,0.450668709502,17210,1073,15.0391425909,17210,80626,0.786545283159,17210,10527,0.634843735157,17210,6960,1.47270114943,0.8474504846186263,130515,130310,158477
98,17210,31360,0.451211734694,17210,1084,14.8763837638,17210,80712,0.786772722767,17210,10519,0.636087080521,17210,6837,1.51718590025,0.84928588942013,130512,130310,159734
99,17210,31391,0.451753687363,17210,1095,14.7168949772,17210,80798,0.78699967821,17210,10511,0.637332318523,17210,6713,1.56368240727,0.8511355625708769,130508,130310,160991
100,17210,31422,0.452294570683,17210,1106,14.5605786618,17210,80884,0.787226151031,17210,10504,0.63842345773,17210,6589,1.61192897253,0.852971150530631,130505,130310,162248
101,17210,32524,0.470852293691,17210,1117,14.4073410922,17210,80970,0.787452142769,17210,10496,0.639672256098,17210,6465,1.66202629544,0.8560027969476789,131572,131362,160324
102,17210,32794,0.475208879673,17210,1129,14.243578388,17210,81204,0.788064627358,17210,10488,0.640922959573,17210,6342,1.71365499842,0.8582265434952295,131957,131732,160545
103,17210,32878,0.476549668471,17210,1140,14.0964912281,17210,81438,0.788673592181,17210,10481,0.642018891327,17210,6218,1.76777098746,0.8602550035942643,132155,131915,161851
104,17210,33431,0.485208339565,17210,1151,13.9522154648,17210,81673,0.789281647546,17210,10473,0.64327317865,17210,6094,1.82408926813,0.8627787565312975,132822,132567,162171
105,17210,33977,0.493480884127,17210,1162,13.8106712565,17210,81860,0.789763010017,17210,10465,0.64452938366,17210,5970,1.88274706868,0.8652217575730323,133434,133164,161735
106,17210,34523,0.501491759117,17210,1173,13.6717817562,17210,82048,0.790244734789,17210,10458,0.645630139606,17210,5847,1.94338977253,0.8676155734097233,134049,133764,161299
107,17210,35070,0.509267179926,17210,1184,13.535472973,17210,82235,0.790721712166,17210,10450,0.646889952153,17210,5723,2.00716407479,0.8700152975598164,134662,134362,160863
108,17210,35710,0.51806216746,17210,1195,13.4016736402,17210,82423,0.791199058515,17210,10442,0.648151695078,17210,5599,2.07376317199,0.8724818828535337,135369,135054,162360
109,17210,36231,0.524992409815,17210,1206,13.2703150912,17210,82622,0.791701967999,17210,10435,0.649257307139,17210,5475,2.14337899543,0.8748096992696864,135969,135639,162560
110,17210,36753,0.531738905668,17210,1217,13.1413311422,17210,82821,0.792202460729,17210,10432,0.649731595092,17210,5352,2.21562032885,0.8770492403441332,136575,136230,164116
111,17210,37643,0.542810084212,17210,1228,13.0146579805,17210,83021,0.792703051035,17210,10430,0.650047938639,17210,5228,2.29188982402,0.8795928753180662,137550,137190,161855
112,17210,38334,0.551051286065,17210,1239,12.8902340597,17210,83220,0.7931987503,17210,10428,0.650364403529,17210,5104,2.37186520376,0.8819302367612507,138325,137950,163477
113,17210,39025,0.559000640615,17210,1250,12.768,17210,83419,0.793692084537,17210,10426,0.650680989833,17210,4980,2.45582329317,0.8842415528396836,139100,138710,165099
114,17210,39717,0.566684291361,17210,1261,12.6478984933,17210,83619,0.794185531996,17210,10424,0.650997697621,17210,4857,2.54333950999,0.8865153919844436,139878,139473,166721
115,17210,40157,0.571432128894,17210,1272,12.5298742138,17210,84736,0.796898602719,17210,10422,0.651314526962,17210,4733,2.63617156138,0.8893008774412681,141320,140900,165356
116,17210,41176,0.582038080435,17210,1283,12.4138737334,17210,85505,0.798725220747,17210,10420,0.651631477927,17210,4609,2.7339986982,0.8922045135076542,142993,142558,168539
117,17210,42172,0.591909323722,17210,1295,12.2895752896,17210,85978,0.799832515295,17210,10441,0.648309548894,17210,4485,2.83723522854,0.8944940465883038,144371,143921,168107
118,17210,42268,0.592836188133,17210,1306,12.1776416539,17210,86370,0.800740998032,17210,10462,0.64500095584,17210,4362,2.94543787254,0.8960405614500442,144768,144303,168499
119,17210,42364,0.593758851855,17210,1317,12.0675778284,17210,86782,0.80168698578,17210,10483,0.641705618621,17210,4238,3.06087777253,0.8976057967820146,145184,144704,168911
120,17210,42460,0.594677343382,17210,1328,11.9593373494,17210,87229,0.802703229431,17210,10504,0.63842345773,17210,4114,3.18327661643,0.8991863219693068,145635,145140,169358
121,17210,42557,0.595601193693,17210,1339,11.8528752801,17210,87677,0.803711349613,17210,10525,0.635154394299,17210,3990,3.31328320802,0.9007584469634741,146088,145578,169805
122,17210,42653,0.596511382552,17210,1350,11.7481481481,17210,88125,0.804709219858,17210,10546,0.631898350085,17210,3867,3.45047840703,0.9023072041271726,146541,146016,170252
123,17210,42749,0.59741748345,17210,1361,11.6451138868,17210,88135,0.804731378,17210,10567,0.628655247469,17210,3743,3.59791611007,0.903572037801508,146555,146016,170262
124,17210,42845,0.598319523865,17210,1372,11.5437317784,17210,88394,0.805303527389,17210,10588,0.625425009445,17210,3619,3.75545730865,0.9049980247653557,146818,146278,170397
125,17210,42942,0.599226864142,17210,1383,11.4439624006,17210,88654,0.805874523428,17210,10610,0.62205466541,17210,3496,3.92276887872,0.9063942618213958,147085,146544,170532
126,17210,43038,0.600120823458,17210,1394,11.3457675753,17210,88913,0.806440003149,17210,10618,0.620832548503,17210,3372,4.10379596679,0.9079784165337497,147335,146793,170964
127,17210,43134,0.601010803542,17210,1405,11.2491103203,17210,89173,0.807004362307,17210,10626,0.619612271786,17210,3248,4.2986453202,0.9095578171371268,147586,147043,171396
128,17210,43230,0.601896830904,17210,1416,11.1539548023,17210,89433,0.80756544005,17210,10634,0.618393831108,17210,3124,4.50896286812,0.911131854677787,147837,147293,171828
129,17210,43327,0.602788099799,17210,1427,11.0602662929,17210,89654,0.808039797444,17210,10642,0.617177222327,17210,3001,4.73475508164,0.9126652302247199,148051,147506,168566
130,17210,43430,0.603730140456,17210,1438,10.9680111266,17210,89875,0.808511821975,17210,10650,0.615962441315,17210,2877,4.98192561696,0.9142105618129088,148270,147724,169008
131,17210,43534,0.604676804337,17210,1450,10.8689655172,17210,90145,0.809085362472,17210,10658,0.614749483956,17210,2753,5.25136215038,0.9157667968224047,148540,147993,168154
132,17210,43567,0.604976243487,17210,1461,10.7796030116,17210,90385,0.809592299607,17210,10666,0.613538346147,17210,2629,5.54621529099,0.9172741210963767,148708,148160,168394
133,17210,43600,0.605275229358,17210,1472,10.691576087,17210,90447,0.8097228211,17210,10674,0.612329023796,17210,2506,5.8675179569,0.9186679130323674,148699,148160,168819
134,17210,43633,0.605573762978,17210,1483,10.6048550236,17210,90510,0.809855264612,17210,10682,0.611121512825,17210,2382,6.22502099076,0.9200753245006389,148690,148160,169244
135,17210,43667,0.605880871138,17210,1494,10.5194109772,17210,90573,0.809987523876,17210,10690,0.609915809167,17210,2258,6.62178919398,0.9214834344439811,148682,148160,169669
136,17210,43716,0.606322627871,17210,1505,10.4352159468,17210,90998,0.810874964285,17210,10698,0.608711908768,17210,2134,7.06466729147,0.9230867287035981,149051,148502,168778
137,17210,43741,0.606547632656,17210,1516,10.3522427441,17210,91423,0.811754153769,17210,10706,0.607509807585,17210,2011,7.55793137742,0.9246571216289484,149397,148821,169931
138,17210,43779,0.606889147765,17210,1527,10.270464964,17210,91517,0.811947507021,17210,10734,0.603316564189,17210,1887,8.12029676736,0.9258183667460721,149444,148841,170025
139,17210,43817,0.607230070521,17210,1538,10.1898569571,17210,91612,0.812142514081,17210,10763,0.598996562297,17210,1763,8.76176971072,0.9269664800358545,149493,148863,170119
140,17210,43856,0.607579350602,17210,1549,10.1103938025,17210,91987,0.812908345745,17210,10792,0.594699777613,17210,1639,9.50030506406,0.9282486667601103,149823,149166,170494
141,17210,43894,0.607919077778,17210,1560,10.0320512821,17210,92442,0.81382921183,17210,10820,0.590573012939,17210,1516,10.3522427441,0.9295622770115555,150232,149548,170414
142,17210,43932,0.608258217245,17210,1571,9.95480585614,17210,92898,0.814743051519,17210,10849,0.586321319937,17210,1392,11.3635057471,0.9308692131012599,150642,149931,170334
143,17210,43971,0.60860567192,17210,1582,9.8786346397,17210,93354,0.815647963665,17210,10878,0.582092296378,17210,1268,12.572555205,0.9321695034193297,151053,150315,170254
144,17210,44010,0.608952510793,17210,1593,9.80351537979,17210,93810,0.816544078456,17210,10907,0.577885761438,17210,1144,14.0437062937,0.9334627370200179,151464,150699,170515
145,17210,44050,0.609307604994,17210,1604,9.72942643392,17210,94266,0.817431523561,17210,10929,0.574709488517,17210,1021,15.8560235064,0.934825837887667,151870,151078,170589
146,17210,44090,0.609662054888,17210,1616,9.64975247525,17210,94722,0.818310424189,17210,10952,0.571402483565,17210,897,18.1861761427,0.9361689552591659,152277,151458,170663
147,17210,44124,0.609962832019,17210,1627,9.57775046097,17210,95177,0.819179003331,17210,10974,0.56825223255,17210,773,21.2639068564,0.9375274275421648,152675,151829,170701
148,17210,44159,0.610271971738,17210,1638,9.50671550672,17210,95633,0.820041199168,17210,10997,0.564972265163,17210,649,25.5177195686,0.9388669680420183,153076,152203,170739
149,17210,44193,0.610571810015,17210,1649,9.43662825955,17210,96089,0.820895211731,17210,11019,0.561847717579,17210,526,31.7186311787,0.9401991190805077,153476,152576,170777
150,17210,44228,0.61087998553,17210,1660,9.36746987952,17210,96545,0.821741156973,17210,11042,0.558594457526,17210,402,41.8109452736,0.9415247242927793,153877,152950,170815
151,17210,44330,0.611775321453,17210,1671,9.29922202274,17210,97001,0.822579148669,17210,11064,0.555495300072,17210,278,60.9064748201,0.9428808376094957,154344,153390,170923
152,17210,44182,0.610474854013,17210,1682,9.23186682521,17210,97457,0.82340929846,17210,11087,0.552268422477,17210,155,110.032258065,0.9441134035959446,154563,153582,167406
153,17210,44035,0.609174520268,17210,1693,9.16538688718,17210,97913,0.824231715911,17210,11110,0.549054905491,17210,488,34.2663934426,0.9396285727169075,155239,154231,173588
154,17210,43887,0.607856540661,17210,1704,9.09976525822,17210,98682,0.825601426805,17210,11149,0.543636200556,17210,822,19.9367396594,0.9351015078979033,156244,155209,174357
155,17210,43740,0.606538637403,17210,1715,9.03498542274,17210,99087,0.826314249094,17210,11189,0.538117794262,17210,1156,13.8875432526,0.9304595026993951,156887,155825,173855
156,17210,43593,0.605211845939,17210,1726,8.97103128621,17210,99492,0.827021268042,17210,11229,0.532638703357,17210,1490,10.5503355705,0.9258553926236273,157530,156441,173353
157,17210,43786,0.606951993788,17210,1737,8.90788716177,17210,99898,0.827724278764,17210,11269,0.527198509184,17210,1824,8.43530701754,0.9214580415609978,158514,157398,174769
158,17210,43879,0.607785045238,17210,1748,8.84553775744,17210,100154,0.828164626475,17210,11309,0.52179679901,17210,2158,6.9749768304,0.9169848286948659,159248,158105,175021
159,17210,43973,0.608623473495,17210,1759,8.78396816373,17210,100411,0.828604435769,17210,11325,0.519646799117,17210,2492,5.90609951846,0.9128407101775444,159960,158790,175906
160,17210,44067,0.609458324824,17210,1771,8.71767363072,17210,100668,0.829041999444,17210,11342,0.517369070711,17210,2826,5.08987968861,0.9087095609743954,160674,159477,176791
161,17210,44161,0.610289622065,17210,1848,8.31277056277,17210,100925,0.829477334654,17210,11359,0.515098160049,17210,3160,4.44620253165,0.903848178726936,161453,160229,178737
162,17210,44255,0.611117387866,17210,3375,4.09925925926,17210,100643,0.828999533003,17210,11376,0.512834036568,17210,3494,3.92558672009,0.8818214695083454,163143,161892,180494
163,17210,44349,0.611941644682,17210,4902,2.5108119135,17210,100362,0.828520754867,17210,11393,0.510576669885,17210,3827,3.49699503528,0.8602585647291501,164833,163555,182251
164,17210,44443,0.612762414778,17210,6430,1.6765163297,17210,100080,0.828037569944,17210,11410,0.508326029798,17210,4161,3.13602499399,0.839110278398309,166524,165219,184008
165,17210,44484,0.613119323802,17210,6855,1.51057622174,17210,99799,0.827553382298,17210,11427,0.506082086287,17210,4495,2.82869855395,0.8303364060816473,167060,165728,184241
166,17210,44523,0.613458212609,17210,7280,1.36401098901,17210,99517,0.82706472261,17210,11456,0.502269553073,17210,4829,2.56388486229,0.82148503922914,167605,166246,184291
167,17210,44626,0.614350378703,17210,7705,1.23361453602,17210,99236,0.826575033254,17210,11486,0.498345812293,17210,5163,2.33333333333,0.8127526513530223,168216,166830,184428
168,17210,44627,0.614359020324,17210,8130,1.11685116851,17210,98954,0.826080805223,17210,11516,0.494442514762,17210,5497,2.13079861743,0.8039638699888575,168724,167311,184430
169,17210,44629,0.614376302404,17210,8555,1.01168907072,17210,98673,0.825585519848,17210,11546,0.490559501126,17210,5831,1.95146630081,0.7952302728766087,169234,167794,184432
170,17210,44631,0.614393582936,17210,8980,0.916481069042,17210,98391,0.825085627751,17210,11576,0.486696613683,17210,6165,1.79156528792,0.7865478988824282,169743,168276,184434
171,17210,44633,0.614410861918,17210,9405,0.829877724615,17210,98110,0.824584649883,17210,11606,0.482853696364,17210,6499,1.64809970765,0.777918744456779,170253,168759,184436
172,17210,44715,0.615117969362,17210,9830,0.750762970498,17210,97828,0.824078995789,17210,11636,0.479030594706,17210,6833,1.5186594468,0.7694477938680184,170842,169321,184532
173,17210,44765,0.615547861052,17210,10255,0.678205753291,17210,97547,0.823572226721,17210,11665,0.475353621946,17210,7166,1.40161875523,0.7610123805411965,171398,169850,184628
174,17210,44781,0.615685223644,17210,10680,0.611423220974,17210,97265,0.82306071043,17210,11695,0.471569046601,17210,7500,1.29466666667,0.7525607691905003,171921,170346,184741
175,17210,44839,0.616182341265,17210,11105,0.5497523638,17210,96984,0.822548049163,17210,11725,0.467803837953,17210,7834,1.19683431197,0.7442242024036594,172487,170885,184920
176,17210,44857,0.616336357759,17210,11530,0.492627927147,17210,96702,0.822030568137,17210,11755,0.464057847724,17210,8168,1.1070029383,0.7358795921670174,173012,171383,184975
177,17210,44876,0.616498796684,17210,11955,0.43956503555,17210,96421,0.821511911306,17210,11785,0.460330929147,17210,8502,1.02422959304,0.7275886112055503,173539,171883,185030
178,17210,44895,0.616661098118,17210,12380,0.3901453958,17210,96139,0.820988360603,17210,11815,0.456622936945,17210,8836,0.947713897691,0.7193462212391922,174065,172382,185085
179,17210,45153,0.61885146059,17210,12805,0.34400624756,17210,95858,0.820463602412,17210,11845,0.452933727311,17210,9170,0.876772082879,0.7115500111536284,174831,173121,186071
180,17210,45154,0.61885990167,17210,13230,0.300831443689,17210,95576,0.819933874613,17210,11851,0.45219812674,17210,9504,0.810816498316,0.7036191997262071,175315,173578,189442
181,17210,45155,0.618868342376,17210,13655,0.260344196265,17210,95295,0.819402906763,17210,11858,0.451340866925,17210,9838,0.749339296605,0.6957241426385515,175801,174037,192813
182,17210,45157,0.618885222668,17210,14080,0.222301136364,17210,95013,0.818866891899,17210,11864,0.45060687795,17210,10172,0.691899331498,0.6878821914389117,176286,174495,196184
183,17210,45158,0.618893662253,17210,14505,0.186487418132,17210,94732,0.818329603513,17210,11871,0.449751495241,17210,10506,0.638111555302,0.6800737673387188,176772,174954,199555
184,17210,45159,0.618902101464,17210,14930,0.152712659076,17210,94450,0.817787188989,17210,11877,0.449019112571,17210,10538,0.633137217688,0.6751698181448286,176954,175109,199572
185,17210,45161,0.618918978765,17210,15355,0.120807554542,17210,94169,0.817243466534,17210,11884,0.448165600808,17210,10570,0.628192999054,0.6702702397552205,177139,175267,199589
186,17210,45254,0.619702125779,17210,15780,0.0906210392902,17210,93887,0.81669453705,17210,11891,0.447313093937,17210,10603,0.62312553051,0.6655412451032889,177415,175516,199744
187,17210,45348,0.620490429567,17210,16205,0.0620178957112,17210,93606,0.816144264257,17210,11913,0.444640308906,17210,10635,0.618241654913,0.6606999161541188,177707,175781,200134
188,17210,45393,0.620866653449,17210,16630,0.0348767288034,17210,93324,0.815588701727,17210,11936,0.441856568365,17210,10668,0.613235845519,0.6557591696590634,177951,175998,200185
189,17210,45451,0.621350465336,17210,17055,0.00908824391674,17210,93043,0.815031759509,17210,11959,0.439083535413,17210,10700,0.608411214953,0.6508686478721494,178208,176228,200257
190,17210,45510,0.621841353549,17210,17480,0.0154462242563,17210,92761,0.814469442977,17210,11982,0.436321148389,17210,10733,0.603465946147,0.6490087747806305,178466,176459,200329
191,17210,45569,0.622330970616,17210,17905,0.0388159731918,17210,92480,0.813905709343,17210,12005,0.433569346106,17210,10765,0.598699489085,0.64889997985721,178724,176690,200401
192,17210,45591,0.622513215328,17210,18330,0.0611020185488,17210,92198,0.813336514892,17210,12028,0.430828067842,17210,10798,0.593813669198,0.6487077034843108,178945,176884,202147
193,17210,45613,0.622695284239,17210,18755,0.0823780325247,17210,91917,0.812765864856,17210,12051,0.42809725334,17210,10830,0.589104339797,0.6485270642867509,179166,177078,203893
194,17210,45635,0.622877177605,17210,19240,0.105509355509,17210,91566,0.812048140139,17210,12081,0.424550947769,17210,10863,0.58427690325,0.6482537558881735,179385,177270,203902
195,17210,45658,0.62306715143,17210,19725,0.127503168568,17210,91216,0.811326960182,17210,12112,0.420904887715,17210,10895,0.579623680587,0.6479850339075532,179606,177464,204009
196,17210,45682,0.623265181034,17210,20210,0.148441365661,17210,90866,0.810600224506,17210,12142,0.417394169,17210,10928,0.574853587116,0.6477189314233601,179828,177659,204047
197,17210,45707,0.623471240729,17210,20695,0.168398163808,17210,90515,0.809865768105,17210,12173,0.413784605274,17210,10960,0.570255474453,0.6474534851430158,180050,177854,204085
198,17210,45732,0.623677075133,17210,21181,0.187479344696,17210,90165,0.809127710309,17210,12203,0.410308940424,17210,10993,0.56554170836,0.6471926068096342,180274,178051,204123
199,17210,45803,0.624260419623,17210,21666,0.205667866704,17210,89815,0.808383900239,17210,12234,0.406735327775,17210,11025,0.560997732426,0.6470203774170142,180543,178293,204272
200,17210,45875,0.62485013624,17210,22151,0.223059907002,17210,89464,0.807632120182,17210,12265,0.403179779861,17210,11058,0.556339301863,0.6468395524658073,180813,178536,204421
201,17210,45947,0.625438004658,17210,22636,0.239706661954,17210,89114,0.806876585048,17210,12303,0.398845809965,17210,11090,0.551848512173,0.6466066596719863,181090,178786,205194
202,17210,46019,0.626024033551,17210,23122,0.255687224289,17210,88764,0.806115091704,17210,12341,0.394538530103,17210,11123,0.54724444844,0.6463673505395079,181369,179038,205967
203,17210,46036,0.626162133982,17210,23498,0.267597242318,17210,88564,0.80567725035,17210,12379,0.390257694483,17210,11155,0.542805916629,0.6461086152219874,181632,179274,205973
204,17210,46054,0.626308246841,17210,23874,0.279132110245,17210,88365,0.805239631076,17210,12417,0.386003060321,17210,11188,0.538255273507,0.6458454738369855,181898,179513,205979
205,17210,46072,0.626454245529,17210,24250,0.290309278351,17210,88165,0.804797822265,17210,12455,0.381774387796,17210,11220,0.533868092692,0.6455901889526905,182162,179750,205985
206,17210,46090,0.62660013018,17210,24627,0.301173508751,17210,87966,0.804356228543,17210,12493,0.377571440006,17210,11252,0.529505865624,0.6453395312123139,182428,179989,205991
207,17210,46108,0.626745900928,17210,25003,0.311682598088,17210,87766,0.803910398104,17210,12531,0.373393982922,17210,11285,0.525033229951,0.6450767133935071,182693,180227,206090
208,17210,46161,0.627174454626,17210,25379,0.321880294732,17210,87567,0.803464775543,17210,12569,0.369241785345,17210,11317,0.520721039145,0.6448935205171783,182993,180500,206163
209,17210,46194,0.627440793177,17210,25756,0.331806181084,17210,87368,0.803017122974,17210,12607,0.365114618863,17210,11350,0.516299559471,0.6446651207202292,183275,180755,207401
210,17210,46227,0.627706751466,17210,26128,0.341319657073,17210,87219,0.802680608583,17210,12645,0.361012257809,17210,11382,0.512036548937,0.6445335265058469,183601,181054,207458
211,17210,46260,0.627972330307,17210,26501,0.350590543753,17210,87070,0.80234294246,17210,12683,0.356934479224,17210,11415,0.507665352606,0.6443953917000582,183929,181355,207515
212,17210,46293,0.628237530512,17210,26873,0.359580247832,17210,86922,0.802006396539,17210,12721,0.35288106281,17210,11447,0.503450685769,0.6442666724557138,184256,181655,207572
213,17210,46327,0.628510371921,17210,27246,0.368347647361,17210,86773,0.801666416973,17210,12759,0.348851790893,17210,11480,0.499128919861,0.644131429964515,184585,181957,207629
214,17210,46433,0.629358430427,17210,27619,0.376878235997,17210,86625,0.801327561328,17210,12798,0.344741365838,17210,11512,0.494961779013,0.6441371555839059,184987,182332,209686
215,17210,46631,0.630932212477,17210,27885,0.382822305899,17210,86684,0.801462784366,17210,12817,0.342747912928,17210,11545,0.490688609788,0.6446794063439713,185562,182880,210223
216,17210,46399,0.629086833768,17210,28292,0.391700834158,17210,86450,0.800925390399,17210,12837,0.340655916491,17210,11577,0.48656819556,0.6441055212740158,185555,182880,210410
217,17210,46167,0.627222908138,17210,28699,0.400327537545,17210,86217,0.800387394597,17210,12857,0.33857042856,17210,11610,0.482342807924,0.6435246564268391,185550,182880,210597
218,17210,45935,0.625340154566,17210,29107,0.408733294397,17210,85984,0.799846483067,17210,12877,0.336491418809,17210,11642,0.478268338773,0.6429545393300816,185545,182880,210784
219,17210,45703,0.623438286327,17210,29514,0.416886901132,17210,85751,0.799302632039,17210,12896,0.334522332506,17210,11675,0.47408993576,0.642382464064159,185539,182880,210971
220,17210,45471,0.621517010842,17210,29922,0.424837911904,17210,85518,0.798755817489,17210,12916,0.33245586869,17210,11707,0.470060647476,0.6418122823848998,185534,182880,211158
221,17210,45240,0.61958443855,17210,30022,0.426753713943,17210,85572,0.798882812135,17210,12936,0.330395794682,17210,11740,0.465928449744,0.641194544768476,185510,182880,209928
222,17210,45098,0.618386624684,17210,30222,0.430547283436,17210,85625,0.79900729927,17210,12956,0.328342080889,17210,11772,0.461943594971,0.6409494110613821,185673,182964,209456
223,17210,45120,0.618572695035,17210,30423,0.434309568419,17210,85678,0.799131632391,17210,12976,0.326294697904,17210,11805,0.457856840322,0.6410146127460995,186002,183214,210216
224,17210,45143,0.618767029218,17210,30600,0.437581699346,17210,85726,0.799244103306,17210,13014,0.322422007069,17210,11837,0.453915688097,0.6408759124087591,186320,183453,210441
225,17210,45166,0.618961165478,17210,31344,0.450931597754,17210,85168,0.797928799549,17210,13052,0.318571866381,17210,11870,0.449873631003,0.6406538049303323,186600,183654,210627
226,17210,45189,0.619155104118,17210,32088,0.463662428322,17210,84610,0.796596147028,17210,13090,0.31474407945,17210,11902,0.445975466308,0.640441141059188,186879,183854,210813
227,17210,45212,0.619348845439,17210,32239,0.466174509135,17210,84652,0.796697065633,17210,13128,0.310938452163,17210,11934,0.442098206804,0.640242566719205,187165,184061,211233
228,17210,46075,0.626478567553,17210,32788,0.475112846163,17210,84254,0.795736700928,17210,13166,0.307154792648,17210,11967,0.438121500794,0.6415617529880479,188250,185067,212106
229,17210,45989,0.625780077845,17210,33337,0.483756786753,17210,83857,0.79476966741,17210,13204,0.303392911239,17210,11999,0.434286190516,0.6410773624366991,188386,185124,212701
230,17210,45903,0.625078970873,17210,34335,0.49876219601,17210,83912,0.794904185337,17210,13237,0.300143537055,17210,12032,0.430352393617,0.6423378858509442,189419,186078,213754
231,17210,45818,0.624383430093,17210,34717,0.504277443327,17210,83687,0.794352766857,17210,13270,0.296910324039,17210,12064,0.426558355438,0.6419105699634936,189556,186136,213911
232,17210,45732,0.623677075133,17210,35099,0.509672640246,17210,83463,0.793800845884,17210,13303,0.293693151921,17210,12097,0.422666776887,0.6414752179826457,189694,186195,214068
233,17210,45647,0.622976318268,17210,35481,0.514951664271,17210,83239,0.79324595442,17210,13336,0.29049190162,17210,12129,0.418913348174,0.6410510345990139,189832,186254,214225
234,17210,45561,0.622264656175,17210,35481,0.514951664271,17210,83254,0.793283205612,17210,13369,0.287306455232,17210,12162,0.415063311955,0.6403462099701307,189827,186254,214406
235,17210,45476,0.621558624329,17210,35741,0.518480176828,17210,83270,0.793322925423,17210,13402,0.284136696016,17210,12194,0.411349844186,0.640146672769264,190083,186426,214587
236,17210,45476,0.621558624329,17210,36226,0.52492684812,17210,83302,0.793402319272,17210,13435,0.280982508374,17210,12227,0.40754068864,0.6405546872541512,190666,186925,215104
237,17210,45476,0.621558624329,17210,36926,0.533932730326,17210,83222,0.79320372017,17210,13468,0.277843777844,17210,12259,0.403866547027,0.6411620529811707,191351,187526,215724
238,17210,45476,0.621558624329,17210,37063,0.535655505491,17210,83259,0.793295619693,17210,13501,0.274720391082,17210,12292,0.400097624471,0.6409225903095657,191591,187682,215898
239,17210,45476,0.621558624329,17210,37200,0.537365591398,17210,83296,0.793387437572,17210,13534,0.27161223585,17210,12324,0.396462187601,0.6406922796225825,191830,187837,216072
240,17210,45476,0.621558624329,17210,37338,0.539075472709,17210,83334,0.793481652147,17210,13567,0.268519201002,17210,12357,0.392732863964,0.640457745012287,192072,187995,216246
241,17210,45476,0.621558624329,17210,37452,0.54047847912,17210,83390,0.79362033817,17210,13600,0.265441176471,17210,12389,0.389135523448,0.6402211047959773,192307,188146,216515
242,17210,45565,0.622297816306,17210,37562,0.541824184016,17210,83424,0.793704449559,17210,13633,0.262378053253,17210,12422,0.38544517791,0.640094285743954,192606,188361,216659
243,17210,45655,0.623042383091,17210,37841,0.545202293808,17210,83364,0.793555971403,17210,13666,0.259329723401,17210,12454,0.381885338044,0.640118146958234,192980,188651,216965
244,17210,45517,0.621899510073,17210,38121,0.548542797933,17210,83304,0.793407279362,17210,13699,0.256296080006,17210,12487,0.378233362697,0.6397104510997887,193128,188715,217294
245,17210,45379,0.620749685978,17210,38401,0.551834587641,17210,83244,0.793258372976,17210,13732,0.253277017186,17210,12519,0.374710440131,0.6393118613374725,193275,188778,217623
246,17210,45241,0.619592847196,17210,38631,0.554502860397,17210,83313,0.793429596822,17210,13765,0.250272430076,17210,12552,0.371096239643,0.6390528263273765,193502,188921,217923
247,17210,45103,0.61842892934,17210,38862,0.557150944367,17210,83383,0.793603012604,17210,13798,0.247282214814,17210,12584,0.367609663064,0.638806586486347,193730,189065,218223
248,17210,44965,0.61725786723,17210,38994,0.558650048725,17210,83427,0.793711867861,17210,13831,0.244306268527,17210,12617,0.364032654355,0.6383193866917053,193834,189085,217487
249,17210,45018,0.617708472167,17210,39280,0.561863543788,17210,83349,0.793518818462,17210,13864,0.241344489325,17210,12649,0.360581864179,0.6382571075401731,194160,189327,218195
250,17210,45071,0.61815801735,17210,39567,0.56504157505,17210,83272,0.793327889327,17210,13902,0.237951373903,17210,12681,0.357148489867,0.638156643169677,194493,189576,218719
251,17210,45090,0.61831891772,17210,39831,0.567924480932,17210,83288,0.79336759197,17210,13940,0.234576757532,17210,12714,0.353625924178,0.6381149833472748,194863,189862,218999
252,17210,45109,0.618479682547,17210,40095,0.570769422621,17210,83305,0.793409759318,17210,13978,0.23122048934,17210,12746,0.35022752236,0.6380837255996681,195233,190148,219279
253,17210,45128,0.618640312001,17210,40267,0.572602875804,17210,83335,0.793484130317,17210,14017,0.227794820575,17210,12779,0.346740746537,0.6378895901312357,195526,190357,219554
254,17210,45148,0.618809249579,17210,40440,0.574431256182,17210,83366,0.793560924118,17210,14055,0.224475275703,17210,12811,0.343376785575,0.6377183127361863,195820,190567,219829
255,17210,45236,0.619550800248,17210,40505,0.575114183434,17210,83397,0.793637660827,17210,14093,0.2211736323,17210,12844,0.339925256929,0.6374652556419738,196075,190738,219848
256,17210,45298,0.620071526337,17210,40570,0.575794922356,17210,83429,0.793716813099,17210,14131,0.217889745949,17210,12876,0.336595215906,0.6371749938870324,196304,190883,220183
257,17210,45360,0.620590828924,17210,40635,0.57647348345,17210,83461,0.793795904674,17210,14170,0.214537755822,17210,12909,0.333178402665,0.6368687511130333,196535,191030,220518
258,17210,45422,0.621108713839,17210,40815,0.578341296092,17210,83439,0.793741535733,17210,14245,0.208143208143,17210,12941,0.329881771115,0.636384878747549,196862,191273,220704
259,17210,45431,0.621183773195,17210,40996,0.580202946629,17210,83418,0.793689611355,17210,14320,0.201815642458,17210,12974,0.32649915215,0.6358001207269998,197139,191466,220831
260,17210,45441,0.621267137607,17210,41177,0.582048230808,17210,83396,0.79363518634,17210,14396,0.195470964157,17210,13006,0.323235429802,0.6352170036876443,197416,191659,220958
261,17210,45450,0.621342134213,17210,41358,0.583877363509,17210,83375,0.793583208396,17210,14471,0.189275101928,17210,13039,0.319886494363,0.6346355207316394,197693,191852,221085
262,17210,45460,0.621425428949,17210,41474,0.585041230651,17210,83372,0.793575780838,17210,14546,0.183143132133,17210,13071,0.316655190881,0.6339788705708785,197923,191998,221187
263,17210,45545,0.622131957405,17210,41591,0.586208554735,17210,83370,0.793570828835,17210,14622,0.176993571331,17210,13104,0.313339438339,0.6334496953065095,198232,192223,221788
264,17210,45631,0.62284411913,17210,41708,0.587369329625,17210,83368,0.793565876595,17210,14678,0.172503065813,17210,13136,0.310140073082,0.6330967504697236,198521,192428,222314
265,17210,45657,0.623058895679,17210,41797,0.58824796038,17210,83339,0.793494042405,17210,14734,0.16804669472,17210,13169,0.306857012681,0.6325240568506664,198696,192519,222491
266,17210,45683,0.623273427752,17210,41887,0.58913266646,17210,83310,0.793422158204,17210,14790,0.163624070318,17210,13201,0.303689114461,0.6319624279055267,198871,192610,222668
267,17210,45709,0.623487715767,17210,41977,0.590013578865,17210,83281,0.793350223941,17210,14846,0.159234810723,17210,13234,0.300438265075,0.6313935904585349,199047,192702,222845
268,17210,45735,0.62370176014,17210,42067,0.590890721944,17210,83252,0.793278239562,17210,14903,0.154801046769,17210,13266,0.297301371928,0.6308257580701023,199223,192794,223022
269,17210,45762,0.623923779555,17210,42157,0.591764119838,17210,83223,0.793206205015,17210,14959,0.150477973127,17210,13299,0.294082261824,0.6302607823470411,199400,192887,223199
270,17210,45817,0.624375231901,17210,42474,0.594810943165,17210,82907,0.792418010542,17210,15015,0.146187146187,17210,13331,0.290975920786,0.6296455919496452,199544,192947,223275
271,17210,45579,0.622413830931,17210,42791,0.59781262415,17210,82591,0.791623784674,17210,15071,0.141928206489,17210,13363,0.287884457083,0.6284861706662654,199395,192947,223048
272,17210,45644,0.62295153799,17210,43108,0.600770158671,17210,82275,0.790823457916,17210,15128,0.137625594923,17210,13396,0.284711854285,0.6278745784285722,199551,192947,224600
273,17210,45759,0.62389912367,17210,43224,0.601841569498,17210,82150,0.790505173463,17210,15168,0.134625527426,17210,13428,0.281650282991,0.6274852425035924,199729,193048,224717
274,17210,45874,0.624841958408,17210,43340,0.602907245039,17210,82025,0.790185918927,17210,15208,0.131641241452,17210,13461,0.278508283188,0.6270884606919183,199908,193150,224834
275,17210,45989,0.625780077845,17210,43457,0.603976344432,17210,81900,0.789865689866,17210,15248,0.128672612802,17210,13493,0.27547617283,0.6267023844627587,200087,193252,224951
276,17210,46104,0.626713517265,17210,43573,0.605030638239,17210,81775,0.78954448181,17210,15289,0.125645889201,17210,13526,0.272364335354,0.6262988909805409,200267,193355,225068
277,17210,46219,0.627642311603,17210,43689,0.606079333471,17210,81650,0.789222290263,17210,15329,0.122708591558,17210,13558,0.269361262723,0.6259123450323031,200445,193456,225185
278,17210,46334,0.628566495446,17210,43806,0.607131443181,17210,81525,0.788899110702,17210,15369,0.119786583382,17210,13591,0.266279155323,0.6255202492211838,200625,193559,225302
279,17210,46449,0.629486103038,17210,44073,0.609511492297,17210,81566,0.789005222764,17210,15410,0.116807268008,17210,13623,0.263304705278,0.6257178514426639,201121,193978,225710
280,17210,46564,0.630401168285,17210,44340,0.611862877763,17210,81607,0.789111228203,17210,15504,0.110036119711,17210,13656,0.260251903925,0.6254791219362229,201671,194451,226326
281,17210,46679,0.631311724758,17210,44572,0.613883155344,17210,81204,0.788064627358,17210,15599,0.103275851016,17210,13688,0.257305669199,0.6243518949945971,201742,194451,226479
282,17210,46794,0.632217805702,17210,44804,0.61588251049,17210,80801,0.78700758654,17210,15693,0.0966673038935,17210,13721,0.254281757889,0.6232254611942739,201813,194516,226632
283,17210,46909,0.63311944403,17210,45037,0.617869751538,17210,80398,0.785939948755,17210,15788,0.0900684063846,17210,13753,0.251363338908,0.6221016915570746,201885,194582,226785
284,17210,47024,0.634016672338,17210,45269,0.619828138461,17210,79995,0.784861553847,17210,15883,0.0835484480262,17210,13786,0.248367909473,0.6209688200953668,201957,194648,226938
285,17210,47139,0.6349095229,17210,45502,0.621774867039,17210,79592,0.783772238416,17210,15914,0.0814377277869,17210,13818,0.24547691417,0.6203599633599881,201965,194650,226410
286,17210,47167,0.635126253525,17210,45734,0.623693532164,17210,79189,0.782671835735,17210,15945,0.0793352148009,17210,13851,0.242509566096,0.6195773852570262,201886,194650,226443
287,17210,47196,0.635350453428,17210,45967,0.625600974612,17210,78787,0.781562948202,17210,15976,0.0772408612919,17210,13883,0.239645609739,0.6188078827009698,201809,194650,226476
288,17210,47224,0.63556666102,17210,46199,0.62748111431,17210,78384,0.780439885691,17210,16007,0.0751546198538,17210,13916,0.236705949986,0.6180240916075943,201730,194650,226509
289,17210,47253,0.635790320191,17210,46431,0.629342465163,17210,77981,0.779305215373,17210,16038,0.0730764434468,17210,13948,0.233868655004,0.6172496045147309,201651,194650,226542
290,17210,47282,0.636013705004,17210,46664,0.631193211041,17210,77578,0.778158756348,17210,16069,0.0710062853942,17210,13981,0.230956297833,0.6164683937412563,201574,194650,226575
291,17210,47299,0.636144527368,17210,46896,0.633017741385,17210,77175,0.777000323939,17210,16100,0.0689440993789,17210,14013,0.228145293656,0.6156698083709295,201483,194650,226603
292,17210,47364,0.636643864538,17210,47129,0.634832056695,17210,76772,0.775829729589,17210,16132,0.0668237044384,17210,14046,0.225259860458,0.6149481491042131,201443,194650,230595
293,17210,47430,0.637149483449,17210,47361,0.636620848377,17210,76369,0.774646780762,17210,16163,0.0647775784198,17210,14167,0.214794946001,0.613529207404834,201490,194650,230738
294,17210,47442,0.637241263016,17210,47594,0.638399798294,17210,75967,0.773454263035,17210,16194,0.0627392861554,17210,14288,0.204507278835,0.6120108196639948,201485,194650,231350
295,17210,47455,0.6373406385,17210,47651,0.638832343498,17210,75939,0.773370731772,17210,16225,0.0607087827427,17210,14409,0.194392393643,0.6108766901858894,201679,194650,231379
296,17210,47468,0.637439959552,17210,47792,0.63989789086,17210,75960,0.773433385993,17210,16256,0.058686023622,17210,14530,0.184445973847,0.6100016831183233,202006,194685,231541
297,17210,47481,0.637539226217,17210,47897,0.640687308182,17210,75965,0.773448298559,17210,16287,0.056670964573,17210,14651,0.174663845471,0.6090290239814911,202281,194685,232868
298,17210,47494,0.63763843854,17210,47972,0.641249061953,17210,75996,0.773540712669,17210,16318,0.054663561711,17210,14772,0.165041971297,0.6080512658477824,202552,194939,233208
299,17210,47507,0.637737596565,17210,48047,0.64180906196,17210,76027,0.773633051416,17210,16350,0.0525993883792,17210,14805,0.162445119892,0.6077657643437772,202736,195106,234108
300,17210,47520,0.637836700337,17210,48186,0.642842319346,17210,76063,0.773740189054,17210,16413,0.0485590690306,17210,14839,0.159781656446,0.6073608148910704,203021,195374,234284
301,17210,47533,0.6379357499,17210,48326,0.643877002028,17210,76100,0.773850197109,17210,16476,0.0445496479728,17210,14873,0.15713037047,0.6069608672555925,203308,195644,234460
302,17210,47546,0.638034745299,17210,48441,0.644722445862,17210,76066,0.773749112613,17210,16540,0.040507859734,17210,14907,0.154491178641,0.6063685503685504,203500,195819,234662
303,17210,47559,0.638133686579,17210,48556,0.645563884999,17210,76032,0.77364793771,17210,16603,0.0365596578932,17210,14941,0.151863998394,0.605785233515472,203691,195993,234864
304,17210,47572,0.638232573783,17210,48671,0.646401347825,17210,75998,0.773546672281,17210,16666,0.0326413056522,17210,14975,0.149248747913,0.605203009583975,203882,196167,235066
305,17210,47585,0.638331406956,17210,48786,0.647234862461,17210,75964,0.773445316202,17210,16730,0.0286909742977,17210,15009,0.146645346126,0.6046140125640699,204074,196342,235268
306,17210,47598,0.638430186142,17210,48988,0.648689474973,17210,75986,0.773510909904,17210,16793,0.0248317751444,17210,15043,0.14405371269,0.6043109858713944,204408,196659,235492
307,17210,47611,0.638528911386,17210,49056,0.649176451402,17210,76106,0.773868026174,17210,16857,0.020940855431,17210,15077,0.141473767991,0.6039314727879359,204707,196941,235681
308,17210,47624,0.638627582731,17210,49125,0.649669211196,17210,76227,0.774226979941,17210,16921,0.0170793688316,17210,15111,0.138905433128,0.6035569343635371,205008,197225,235870
309,17210,47637,0.638726200223,17210,49223,0.650366698495,17210,76288,0.774407508389,17210,16985,0.0132469826317,17210,15145,0.136348629911,0.6031235690137278,205278,197478,236140
310,17210,47650,0.638824763903,17210,49322,0.651068488707,17210,76350,0.77459070072,17210,17049,0.00944336911256,17210,15179,0.133803280849,0.602695207978594,205550,197733,236410
311,17210,47721,0.639362125689,17210,49421,0.651767467271,17210,76412,0.77477359577,17210,17113,0.00566820545784,17210,15213,0.131269309143,0.6023800272003108,205880,198046,236891
312,17210,47792,0.63989789086,17210,49555,0.652709111089,17210,76363,0.77462907429,17210,17177,0.00192117366246,17210,15247,0.128746638683,0.6019191399769083,206134,198283,237354
313,17210,47863,0.640432066523,17210,49690,0.653652646408,17210,76314,0.77448436722,17210,17255,0.00260793972762,17210,15281,0.126235194032,0.6017887336908863,206403,198535,237925
314,17210,47934,0.64096465974,17210,49825,0.654591068741,17210,76265,0.774339474202,17210,17333,0.00709629031328,17210,15315,0.123734900424,0.6019780134706201,206672,198787,238496
315,17210,47956,0.641129368588,17210,49960,0.655524419536,17210,76216,0.774194394878,17210,17411,0.0115444259376,17210,15355,0.120807554542,0.6020261191504993,206898,198996,238839
316,17210,47978,0.641293926383,17210,50033,0.656027022165,17210,76250,0.774295081967,17210,17490,0.0160091480846,17210,15396,0.11782281112,0.6021086474822228,207147,199228,238889
317,17210,48000,0.641458333333,17210,50106,0.6565281603,17210,76285,0.774398636691,17210,17568,0.0203779599271,17210,15436,0.11492614667,0.6021987029581234,207395,199459,238939
318,17210,48022,0.641622589646,17210,50180,0.657034675169,17210,76320,0.774502096436,17210,17646,0.0247081491556,17210,15477,0.11197260451,0.6022827421801633,207645,199692,238989
319,17210,48091,0.64213678235,17210,50253,0.657532883609,17210,76355,0.774605461332,17210,17725,0.0290550070522,17210,15517,0.109106141651,0.6024641605070669,207941,199971,239657
320,17210,48160,0.642649501661,17210,50327,0.658036441671,17210,76390,0.774708731509,17210,17748,0.0303132747352,17210,15558,0.106183314051,0.6025323873707267,208183,200196,240313
321,17210,48188,0.642857142857,17210,50464,0.658964806595,17210,76342,0.77456707972,17210,17771,0.0315682854088,17210,15598,0.103346582895,0.6024918051669442,208363,200359,240398
322,17210,48217,0.643071945579,17210,50601,0.659888144503,17210,76295,0.774428206304,17210,17795,0.0328744029222,17210,15639,0.100453993222,0.6024493279692348,208547,200526,240483
323,17210,48246,0.643286490072,17210,50739,0.660813181182,17210,76247,0.774286201424,17210,17818,0.0341227971714,17210,15679,0.0976465335799,0.60241269780433,208729,200691,240568
324,17210,48275,0.6435007768,17210,50876,0.661726550829,17210,76200,0.774146981627,17210,17841,0.0353679726473,17210,15720,0.0947837150127,0.6023684613617217,208912,200857,240653
325,17210,48318,0.643818038826,17210,51014,0.662641627788,17210,76153,0.774007589983,17210,17865,0.0366638678981,17210,15760,0.0920050761421,0.6023623929989002,209110,201038,241103
326,17210,48362,0.644142095033,17210,51207,0.663913136876,17210,76078,0.773784799811,17210,17888,0.0379025044723,17210,15801,0.0891715714195,0.602399969427141,209336,201247,241181
327,17210,48406,0.64446556212,17210,51401,0.665181611253,17210,76004,0.773564549234,17210,17911,0.0391379599129,17210,15841,0.0864213117859,0.6024489055797063,209563,201457,241259
328,17210,48409,0.644487595282,17210,51595,0.666440546565,17210,75929,0.773340884247,17210,17935,0.0404237524394,17210,15882,0.0836166729631,0.6024123957091776,209750,201627,241359
329,17210,48413,0.644516968583,17210,51789,0.667690050011,17210,75855,0.773119767978,17210,17958,0.0416527452946,17210,15922,0.080894360005,0.6023854775480263,209937,201797,241459
330,17210,48417,0.64454633703,17210,51983,0.66893022719,17210,75781,0.77289821987,17210,17981,0.0428785940715,17210,15963,0.0781181482178,0.6023509815585961,210125,201968,241559
331,17210,48421,0.644575700626,17210,52176,0.670154860472,17210,75706,0.772673235939,17210,18005,0.0441544015551,17210,16004,0.0753561609598,0.6023146563201339,210312,202138,241659
332,17210,48292,0.643626273503,17210,52370,0.67137674241,17210,75632,0.77245081447,17210,18028,0.04537386288,17210,16030,0.0736119775421,0.6021430744656575,210352,202161,241858
333,17210,48164,0.64267917947,17210,52564,0.672589605053,17210,75557,0.772224942758,17210,18052,0.0466430312431,17210,16057,0.0718066886716,0.6019658355276292,210394,202186,242057
334,17210,48036,0.641727038055,17210,52758,0.673793547898,17210,75483,0.772001642754,17210,18084,0.0483300154833,17210,16084,0.0700074608306,0.6018056974506403,210445,202220,242833
335,17210,47908,0.6407698088,17210,52952,0.674988668983,17210,75409,0.771777904494,17210,18117,0.050063476293,17210,16111,0.0682142635466,0.6016475294184715,210497,202255,243609
336,17210,47927,0.640912220669,17210,53276,0.67696523763,17210,75403,0.771759744307,17210,18150,0.0517906336088,17210,16137,0.0664931523827,0.6021489570540511,210893,202634,243613
337,17210,47946,0.641054519668,17210,53601,0.678923900673,17210,75397,0.77174158123,17210,18182,0.0534594654053,17210,16164,0.0647117050235,0.6026409200624734,211290,203014,243617
338,17210,47965,0.641196705931,17210,53926,0.680858954864,17210,75391,0.771723415262,17210,18215,0.0551743068899,17210,16191,0.062936199123,0.6031329125883376,211688,203395,243621
339,17210,47985,0.641346254038,17210,54251,0.682770824501,17210,75385,0.771705246402,17210,18248,0.0568829460763,17210,16218,0.0611666050068,0.6036249275061649,212087,203777,244968
340,17210,48004,0.641488209316,17210,54007,0.681337604385,17210,75379,0.771687074649,17210,18281,0.0585854165527,17210,16245,0.0594028931979,0.6030502651994186,211916,203777,244707
341,17210,48023,0.641630052267,17210,53764,0.679897329068,17210,75373,0.771668900004,17210,18313,0.0602304373942,17210,16271,0.0577100362608,0.602482242708176,211744,203777,244446
342,17210,48043,0.641779239431,17210,53857,0.680450080769,17210,75308,0.771471822383,17210,18346,0.0619208546822,17210,16298,0.0559577862314,0.6024299983007005,211852,203777,244486
343,17210,48071,0.641987892908,17210,53950,0.681000926784,17210,75244,0.771277444049,17210,18379,0.0636052015888,17210,16325,0.0542113323124,0.6023946897895447,211969,203777,244493
344,17210,48100,0.642203742204,17210,54044,0.681555769373,17210,75179,0.771079689807,17210,18411,0.065232741296,17210,16352,0.0524706457926,0.6023594202351876,212086,203777,244500
345,17210,48129,0.64241933138,17210,54137,0.682102813233,17210,75115,0.770884643547,17210,18444,0.066905226632,17210,16379,0.0507356981501,0.6023260635991782,212204,203877,244507
346,17210,48158,0.642634660908,17210,54230,0.682647980822,17210,75051,0.770689264633,17210,18477,0.0685717378362,17210,16405,0.0490704053642,0.602300290597727,212321,203976,244894
347,17210,48187,0.642849731255,17210,54324,0.683197113615,17210,74604,0.769315318214,17210,18510,0.0702323068612,17210,16432,0.0473466407011,0.6015505265093819,212057,203976,245588
348,17210,48216,0.64306454289,17210,54417,0.683738537589,17210,74157,0.767924808177,17210,18510,0.0702323068612,17210,16459,0.0456285315025,0.6007347975764903,211759,203976,245707
349,17210,48245,0.643279096279,17210,54510,0.684278114108,17210,73710,0.766517433184,17210,18510,0.0702323068612,17210,16486,0.0439160499818,0.5999167695225124,211461,203976,245826
350,17210,48258,0.643375191678,17210,54604,0.684821624789,17210,73263,0.765092884539,17210,18510,0.0702323068612,17210,16513,0.0422091685339,0.5990679523367496,211148,203976,245597
351,17210,48272,0.643478621147,17210,54730,0.685547231866,17210,73147,0.764720357636,17210,18510,0.0702323068612,17210,16539,0.0405707721144,0.5989166564077312,211198,203976,245591
352,17210,48286,0.643581990639,17210,54856,0.686269505615,17210,73032,0.764349874028,17210,18510,0.0702323068612,17210,16566,0.038874803815,0.5987597633136095,211250,203976,245585
353,17210,48300,0.643685300207,17210,54982,0.686988468953,17210,72916,0.763974984914,17210,18510,0.0702323068612,17210,16593,0.0371843548484,0.5986010477943786,211301,203976,245579
354,17210,48350,0.64405377456,17210,55109,0.687709811465,17210,72801,0.763602148322,17210,18510,0.0702323068612,17210,16620,0.0354993983153,0.5985145938786129,211390,203976,246932
355,17210,48400,0.644421487603,17210,55109,0.687709811465,17210,72685,0.763224874458,17210,18367,0.0629934120978,17210,16647,0.0338199074908,0.597912957842506,211208,203976,247031
356,17210,48450,0.644788441692,17210,55109,0.687709811465,17210,72570,0.762849662395,17210,18224,0.0556409130817,17210,16673,0.0322077610508,0.5973197615459707,211026,203976,247130
357,17210,48444,0.644744447197,17210,55109,0.687709811465,17210,72454,0.762469980953,17210,18082,0.0482247538989,17210,16700,0.0305389221557,0.596610828838317,210789,203976,247318
358,17210,48438,0.644700441802,17210,55109,0.687709811465,17210,72339,0.762092370644,17210,17939,0.0406377167066,17210,16727,0.0288754707957,0.59590030016338,210552,203976,247506
359,17210,48433,0.644663762311,17210,55109,0.687709811465,17210,72223,0.761710258505,17210,17797,0.0329830870371,17210,16754,0.027217380924,0.5951900949048099,210316,203976,247694
360,17210,48427,0.644619736924,17210,55109,0.687709811465,17210,72108,0.761330226882,17210,17654,0.0251501076243,17210,16781,0.0255646266611,0.5944763636536732,210079,203976,247882
361,17210,48422,0.644583040767,17210,55118,0.687760804093,17210,71854,0.760486542155,17210,17512,0.0172453174966,17210,16807,0.0239781043613,0.5935206687234459,209713,203976,247072
362,17210,48416,0.644538995373,17210,55127,0.687811780071,17210,71601,0.759640228488,17210,17521,0.0177501284173,17210,16834,0.0223357490792,0.5928476985570337,209499,203976,247409
363,17210,48411,0.644502282539,17210,55136,0.687862739408,17210,71348,0.758787912766,17210,17531,0.018310421539,17210,16861,0.0206986536979,0.5921772494230411,209287,203976,247746
364,17210,48424,0.644597720139,17210,55145,0.687913682111,17210,71095,0.757929530909,17210,17540,0.0188141391106,17210,16888,0.0190667929891,0.5915386528418113,209092,203976,248083
365,17210,48437,0.644693106509,17210,55140,0.687885382662,17210,70897,0.757253480401,17210,17550,0.0193732193732,17210,16915,0.0174401418859,0.590981099746816,208939,203976,248784
366,17210,48450,0.644788441692,17210,55135,0.687857078081,17210,70699,0.756573643192,17210,17559,0.0198758471439,17210,16924,0.0168990782321,0.5905578946864207,208767,203976,248826
367,17210,48463,0.644883725729,17210,55131,0.68783443072,17210,70501,0.755889987376,17210,17569,0.0204337184814,17210,16934,0.0162985709224,0.5901302984688253,208598,203976,248868
368,17210,48476,0.64497895866,17210,55126,0.687806116896,17210,70303,0.755202480691,17210,17578,0.0209352599841,17210,16943,0.0157587204155,0.589705698905127,208426,203976,249303
369,17210,48489,0.645074140527,17210,55122,0.687783462139,17210,70006,0.754163928806,17210,17588,0.0214919263134,17210,16953,0.0151595587802,0.5890813708817341,208158,203976,249322
370,17210,48503,0.645176587015,17210,55117,0.687755139068,17210,69710,0.753120068857,17210,17597,0.0219923850656,17210,16962,0.0146209173447,0.5884630740443217,207889,203976,249411
371,17210,48518,0.645286285502,17210,55113,0.687732476911,17210,69413,0.752063734459,17210,17607,0.0225478502868,17210,16972,0.0140230968654,0.5878394975508494,207623,203976,249500
372,17210,48532,0.645388609577,17210,55108,0.687704144589,17210,69117,0.751001924273,17210,17616,0.0230472297911,17210,16981,0.013485660444,0.5872179943478303,207354,203976,249589
373,17210,48547,0.645498177024,17210,55104,0.687681475029,17210,68820,0.749927346702,17210,17626,0.0236014977874,17210,16991,0.0128891766229,0.5865912076025651,207088,203976,249678
374,17210,48562,0.645607676784,17210,55099,0.687653133451,17210,68524,0.748847119257,17210,17635,0.024099801531,17210,17000,0.0123529411765,0.5859684750024176,206820,203976,249767
375,17210,48622,0.646045000206,17210,55095,0.687630456484,17210,68260,0.747875769118,17210,17645,0.0246528761689,17210,17010,0.0117577895356,0.585494986255759,206632,203976,249805
376,17210,48682,0.646481245635,17210,55090,0.687602105645,17210,67997,0.746900598556,17210,17654,0.0251501076243,17210,17019,0.011222751043,0.5850263027872236,206442,203976,249843
377,17210,48742,0.646916417053,17210,55086,0.687579421269,17210,67734,0.745917855139,17210,17664,0.0257019927536,17210,17029,0.0106289271243,0.584553101742988,206255,203976,249881
378,17210,48767,0.647097422437,17210,55081,0.687551061164,17210,67471,0.744927450312,17210,17673,0.0261981553783,17210,17038,0.0100950815823,0.5840120370819784,206030,203976,250094
379,17210,48793,0.647285471277,17210,55077,0.687528369374,17210,67208,0.743929294132,17210,17683,0.0267488548323,17210,17048,0.00950258094791,0.5834681670869593,205809,203976,250307
380,17210,48819,0.647473319814,17210,55072,0.6875,17210,66945,0.742923295242,17210,17692,0.0272439520687,17210,17057,0.00896992437123,0.5829267699491695,205585,203976,250520
381,17210,48845,0.647660968369,17210,55068,0.687477300792,17210,66792,0.742334411307,17210,17702,0.0277934696644,17210,17067,0.00837874260268,0.5826041250961193,205474,203976,250588
382,17210,48871,0.647848417262,17210,55063,0.687448922144,17210,66639,0.741742823272,17210,17712,0.028342366757,17210,17076,0.00784727102366,0.5822868022652792,205361,203976,251034
383,17210,48897,0.64803566681,17210,55059,0.687426215514,17210,66486,0.741148512469,17210,17754,0.0306409823138,17210,17086,0.00725740372235,0.5820286240391267,205282,203976,251784
384,17210,48923,0.648222717331,17210,55054,0.687397827587,17210,66333,0.740551460058,17210,17796,0.0329287480333,17210,17095,0.00672711319099,0.5817759172713584,205201,203976,252534
385,17210,48915,0.648165184504,17210,55050,0.687375113533,17210,66181,0.739955576374,17210,17838,0.0352057405539,17210,17105,0.00613855597778,0.5814500046321354,205089,203976,251675
386,17210,48908,0.64811482784,17210,55059,0.687426215514,17210,66069,0.739514749731,17210,17880,0.0374720357942,17210,17114,0.00560944256165,0.5812417694971468,205030,203976,251679
387,17210,48901,0.64806445676,17210,55068,0.687477300792,17210,65958,0.73907638194,17210,17922,0.0397277089611,17210,17124,0.00502219107685,0.5810277451176497,204973,203976,251683
388,17210,48894,0.648014071256,17210,55077,0.687528369374,17210,65847,0.738636536213,17210,17964,0.041972834558,17210,17133,0.00449425086091,0.580821316155479,204915,203976,251687
389,17210,49037,0.649040520423,17210,55086,0.687579421269,17210,65736,0.738195205063,17210,18007,0.0442605653357,17210,17143,0.00390830076416,0.5809159597871313,205009,203976,252033
390,17210,49181,0.650068115736,17210,55095,0.687630456484,17210,65625,0.737752380952,17210,18041,0.0460617482401,17210,17152,0.00338152985075,0.5810018820638342,205094,203976,252529
391,17210,49325,0.6510897111,17210,55104,0.687681475029,17210,65514,0.737308056293,17210,18076,0.047908829387,17210,17162,0.00279687682088,0.5810820690024905,205181,203976,253025
392,17210,49327,0.651103857928,17210,55113,0.687732476911,17210,65529,0.73736818813,17210,18110,0.0496963003865,17210,17171,0.00227127132957,0.5811352009744214,205250,203976,253092
393,17210,49330,0.651125076019,17210,55122,0.687783462139,17210,65544,0.737428292445,17210,18145,0.0515293469275,17210,17181,0.00168791106455,0.5811846757775592,205322,203976,253159
394,17210,49333,0.651146291529,17210,55132,0.687840092868,17210,65559,0.737488369255,17210,18180,0.0533553355336,17210,17190,0.00116346713205,0.5812438532771161,205394,203976,253226
395,17210,49336,0.651167504459,17210,55132,0.687840092868,17210,65563,0.737504385095,17210,18214,0.0551224332931,17210,17200,0.000581395348837,0.5812504563265107,205445,203976,253280
